Superficie construida,Habitaciones,Baños,Estado,Armarios empotrados,Calefacción,Distrito,Precio,Terraza_Balcon
208.0,4.0,3.0,1.0,1.0,4.0,9.0,1300000.0,3.0
305.0,6.0,3.0,0.0,0.0,6.0,9.0,1000000.0,2.0
110.0,3.0,3.0,1.0,1.0,4.0,3.0,480000.0,1.0
127.0,3.0,2.0,1.0,0.0,7.0,14.0,575000.0,2.0
391.0,4.0,4.0,1.0,1.0,6.0,3.0,1250000.0,3.0
98.0,2.0,2.0,1.0,1.0,6.0,3.0,365000.0,3.0
290.0,5.0,3.0,1.0,0.0,4.0,5.0,1495000.0,2.0
251.0,4.0,3.0,0.0,1.0,6.0,6.0,900000.0,3.0
264.0,4.0,3.0,1.0,1.0,6.0,9.0,850000.0,3.0
225.0,3.0,2.0,1.0,1.0,2.0,4.0,1250000.0,2.0
127.0,3.0,2.0,1.0,0.0,4.0,14.0,575000.0,2.0
122.0,2.0,2.0,1.0,0.0,1.0,7.0,575000.0,3.0
146.0,4.0,2.0,1.0,1.0,2.0,6.0,540000.0,2.0
118.0,3.0,2.0,1.0,0.0,3.0,3.0,475000.0,1.0
297.0,5.0,3.0,1.0,1.0,6.0,6.0,795000.0,3.0
110.0,2.0,2.0,1.0,1.0,6.0,9.0,350000.0,2.0
115.0,2.0,2.0,1.0,1.0,4.0,5.0,600000.0,3.0
218.0,3.0,3.0,1.0,1.0,7.0,3.0,990000.0,3.0
290.0,5.0,3.0,1.0,1.0,2.0,5.0,1495000.0,2.0
368.0,6.0,6.0,1.0,1.0,5.0,3.0,1575000.0,2.0
130.0,2.0,2.0,1.0,1.0,6.0,3.0,870000.0,2.0
105.0,3.0,2.0,1.0,1.0,3.0,1.0,350000.0,2.0
148.0,3.0,2.0,1.0,1.0,4.0,7.0,550000.0,1.0
116.0,2.0,2.0,1.0,0.0,3.0,7.0,575000.0,3.0
155.0,5.0,2.0,1.0,1.0,7.0,2.0,285000.0,1.0
155.0,5.0,2.0,1.0,1.0,7.0,2.0,285000.0,1.0
148.0,3.0,2.0,1.0,1.0,4.0,7.0,550000.0,1.0
210.0,6.0,2.0,1.0,1.0,4.0,7.0,480000.0,2.0
284.0,5.0,3.0,1.0,1.0,4.0,6.0,940000.0,3.0
225.0,3.0,2.0,1.0,1.0,6.0,5.0,1300000.0,0.0
132.0,3.0,2.0,1.0,0.0,7.0,3.0,480000.0,1.0
105.0,3.0,2.0,1.0,1.0,7.0,10.0,235000.0,1.0
250.0,5.0,3.0,1.0,0.0,6.0,4.0,575000.0,2.0
680.0,5.0,6.0,1.0,1.0,5.0,6.0,8600000.0,2.0
225.0,4.0,2.0,1.0,1.0,2.0,5.0,825000.0,3.0
233.0,4.0,4.0,1.0,1.0,6.0,5.0,900000.0,0.0
370.0,6.0,3.0,1.0,1.0,7.0,5.0,650000.0,3.0
153.0,2.0,2.0,1.0,0.0,7.0,5.0,535000.0,0.0
226.0,3.0,2.0,1.0,1.0,1.0,13.0,790000.0,2.0
107.0,2.0,2.0,1.0,1.0,7.0,5.0,470000.0,3.0
169.0,4.0,3.0,1.0,0.0,6.0,6.0,769500.0,0.0
102.0,2.0,2.0,1.0,1.0,1.0,7.0,323000.0,1.0
169.0,4.0,2.0,0.0,0.0,7.0,9.0,510000.0,0.0
120.0,4.0,2.0,1.0,1.0,6.0,11.0,320000.0,1.0
265.0,6.0,5.0,0.0,0.0,7.0,5.0,650000.0,1.0
140.0,4.0,2.0,1.0,1.0,6.0,5.0,379000.0,1.0
287.0,5.0,3.0,1.0,1.0,5.0,9.0,695000.0,1.0
172.0,4.0,2.0,1.0,0.0,6.0,5.0,624900.0,0.0
167.0,4.0,3.0,1.0,0.0,6.0,5.0,540000.0,1.0
326.0,4.0,2.0,1.0,0.0,6.0,13.0,798000.0,3.0
137.0,4.0,2.0,1.0,1.0,7.0,12.0,230000.0,1.0
135.0,5.0,2.0,1.0,0.0,3.0,13.0,399000.0,0.0
84.0,3.0,2.0,1.0,1.0,4.0,11.0,320000.0,2.0
148.0,3.0,2.0,1.0,1.0,2.0,7.0,440000.0,2.0
158.0,2.0,2.0,1.0,1.0,6.0,5.0,710000.0,1.0
368.0,5.0,6.0,1.0,1.0,3.0,9.0,1680000.0,3.0
286.0,5.0,5.0,1.0,1.0,6.0,5.0,850000.0,0.0
95.0,3.0,2.0,1.0,0.0,0.0,0.0,215000.0,0.0
200.0,4.0,3.0,1.0,1.0,6.0,9.0,990000.0,1.0
115.0,3.0,2.0,1.0,1.0,4.0,0.0,270000.0,0.0
145.0,4.0,2.0,1.0,1.0,4.0,12.0,320000.0,3.0
108.0,3.0,2.0,1.0,1.0,6.0,3.0,300000.0,1.0
98.0,2.0,2.0,1.0,1.0,6.0,12.0,249000.0,1.0
163.0,6.0,2.0,0.0,0.0,1.0,9.0,480000.0,0.0
190.0,4.0,2.0,1.0,1.0,5.0,13.0,798000.0,2.0
148.0,3.0,2.0,1.0,0.0,7.0,7.0,550000.0,1.0
133.0,2.0,2.0,1.0,0.0,2.0,12.0,189000.0,0.0
320.0,4.0,3.0,1.0,1.0,4.0,7.0,995000.0,3.0
212.0,4.0,3.0,1.0,1.0,4.0,5.0,1200000.0,1.0
104.0,3.0,2.0,1.0,1.0,0.0,14.0,234000.0,3.0
118.0,3.0,2.0,1.0,1.0,0.0,12.0,275000.0,1.0
58.0,2.0,2.0,1.0,0.0,4.0,9.0,315000.0,0.0
63.0,2.0,2.0,1.0,1.0,4.0,4.0,325000.0,1.0
95.0,3.0,2.0,1.0,1.0,0.0,12.0,210000.0,1.0
117.0,3.0,2.0,1.0,1.0,6.0,14.0,498000.0,1.0
74.0,2.0,2.0,1.0,1.0,2.0,9.0,336000.0,1.0
119.0,4.0,2.0,1.0,1.0,4.0,4.0,240000.0,1.0
91.0,2.0,2.0,1.0,1.0,4.0,4.0,365000.0,2.0
201.0,4.0,3.0,1.0,1.0,4.0,3.0,850000.0,2.0
155.0,4.0,2.0,1.0,1.0,7.0,7.0,450000.0,0.0
192.0,4.0,2.0,1.0,1.0,6.0,7.0,480000.0,3.0
212.0,4.0,3.0,1.0,1.0,4.0,5.0,1200000.0,1.0
365.0,5.0,4.0,1.0,1.0,6.0,5.0,1350000.0,1.0
210.0,4.0,4.0,1.0,1.0,1.0,5.0,1350000.0,2.0
197.0,5.0,2.0,0.0,1.0,0.0,5.0,550000.0,2.0
198.0,4.0,3.0,1.0,1.0,6.0,14.0,990000.0,3.0
144.0,2.0,2.0,1.0,1.0,6.0,9.0,1100000.0,2.0
142.0,3.0,2.0,0.0,1.0,1.0,5.0,590000.0,3.0
267.0,6.0,3.0,1.0,1.0,6.0,9.0,1700000.0,1.0
81.0,3.0,2.0,1.0,1.0,7.0,7.0,240000.0,1.0
140.0,4.0,2.0,1.0,1.0,6.0,10.0,249999.0,1.0
234.0,4.0,3.0,1.0,1.0,4.0,7.0,589000.0,0.0
99.0,3.0,2.0,0.0,0.0,0.0,9.0,490000.0,0.0
109.0,3.0,2.0,1.0,1.0,7.0,7.0,350000.0,0.0
200.0,5.0,3.0,1.0,0.0,4.0,12.0,700000.0,2.0
379.0,3.0,3.0,1.0,1.0,4.0,7.0,690000.0,2.0
118.0,4.0,2.0,1.0,0.0,7.0,3.0,235000.0,2.0
231.0,3.0,3.0,1.0,0.0,0.0,5.0,1400000.0,1.0
228.0,5.0,2.0,1.0,1.0,0.0,9.0,1250000.0,3.0
138.0,3.0,3.0,1.0,1.0,1.0,5.0,385000.0,1.0
130.0,2.0,2.0,0.0,1.0,6.0,9.0,385000.0,1.0
70.0,3.0,2.0,1.0,1.0,1.0,1.0,180000.0,1.0
132.0,3.0,2.0,1.0,1.0,6.0,0.0,355000.0,3.0
105.0,4.0,2.0,1.0,0.0,7.0,7.0,295000.0,0.0
89.0,3.0,2.0,1.0,0.0,7.0,10.0,180000.0,0.0
200.0,4.0,3.0,1.0,1.0,6.0,6.0,875000.0,2.0
122.0,4.0,2.0,1.0,1.0,3.0,8.0,295000.0,1.0
142.0,3.0,3.0,1.0,0.0,7.0,10.0,279000.0,3.0
62.0,2.0,2.0,1.0,0.0,3.0,7.0,187500.0,0.0
87.0,2.0,2.0,1.0,1.0,2.0,4.0,295000.0,1.0
155.0,3.0,2.0,1.0,1.0,1.0,5.0,535000.0,3.0
120.0,3.0,2.0,1.0,1.0,6.0,4.0,335000.0,3.0
166.0,4.0,3.0,1.0,1.0,5.0,4.0,685000.0,2.0
262.0,2.0,2.0,1.0,1.0,4.0,5.0,549000.0,1.0
320.0,3.0,2.0,1.0,1.0,5.0,4.0,1200000.0,3.0
140.0,3.0,2.0,1.0,1.0,6.0,5.0,498000.0,0.0
152.0,3.0,2.0,1.0,1.0,4.0,3.0,650000.0,1.0
112.0,3.0,2.0,1.0,0.0,2.0,14.0,790000.0,2.0
143.0,4.0,2.0,0.0,1.0,0.0,7.0,380000.0,1.0
299.0,4.0,3.0,1.0,1.0,3.0,6.0,950000.0,3.0
145.0,4.0,2.0,1.0,1.0,2.0,5.0,985000.0,3.0
92.0,2.0,2.0,1.0,1.0,3.0,5.0,350000.0,2.0
110.0,4.0,2.0,1.0,1.0,6.0,7.0,320000.0,1.0
172.0,4.0,2.0,1.0,1.0,3.0,5.0,629000.0,1.0
93.0,3.0,2.0,1.0,0.0,4.0,5.0,356000.0,3.0
263.0,6.0,3.0,0.0,1.0,6.0,9.0,715000.0,1.0
278.0,5.0,4.0,1.0,0.0,6.0,6.0,750000.0,3.0
160.0,5.0,2.0,1.0,0.0,7.0,5.0,425000.0,1.0
237.0,5.0,4.0,1.0,1.0,3.0,9.0,995000.0,0.0
138.0,3.0,3.0,1.0,0.0,7.0,3.0,335000.0,2.0
141.0,4.0,2.0,1.0,0.0,6.0,9.0,575000.0,1.0
398.0,5.0,6.0,1.0,1.0,6.0,9.0,3200000.0,3.0
144.0,4.0,2.0,1.0,1.0,6.0,7.0,420000.0,1.0
133.0,4.0,2.0,0.0,1.0,6.0,7.0,390000.0,1.0
130.0,2.0,2.0,0.0,1.0,6.0,9.0,385000.0,1.0
217.0,4.0,3.0,1.0,1.0,6.0,5.0,850000.0,3.0
125.0,2.0,2.0,1.0,1.0,6.0,5.0,750000.0,3.0
125.0,2.0,2.0,1.0,1.0,4.0,5.0,600000.0,3.0
125.0,2.0,2.0,1.0,1.0,6.0,5.0,750000.0,3.0
76.0,2.0,2.0,0.0,1.0,7.0,3.0,180000.0,1.0
231.0,3.0,3.0,1.0,1.0,3.0,5.0,1400000.0,3.0
243.0,5.0,3.0,0.0,0.0,6.0,9.0,899500.0,3.0
135.0,4.0,2.0,0.0,0.0,6.0,7.0,410000.0,0.0
105.0,3.0,2.0,1.0,1.0,3.0,9.0,475000.0,3.0
136.0,2.0,3.0,1.0,0.0,7.0,9.0,600000.0,0.0
130.0,4.0,3.0,1.0,1.0,2.0,4.0,430000.0,2.0
184.0,4.0,3.0,1.0,1.0,2.0,5.0,1200000.0,3.0
274.0,6.0,3.0,0.0,0.0,6.0,5.0,688333.0,2.0
155.0,5.0,2.0,1.0,0.0,7.0,9.0,570000.0,0.0
210.0,6.0,3.0,0.0,1.0,7.0,7.0,480000.0,3.0
135.0,4.0,2.0,1.0,1.0,2.0,14.0,299900.0,0.0
140.0,4.0,2.0,0.0,0.0,7.0,7.0,340000.0,1.0
315.0,7.0,3.0,1.0,0.0,6.0,6.0,1065000.0,2.0
95.0,3.0,2.0,1.0,1.0,7.0,8.0,324900.0,2.0
168.0,4.0,2.0,1.0,1.0,4.0,5.0,692000.0,1.0
118.0,3.0,2.0,1.0,1.0,4.0,3.0,475000.0,1.0
150.0,3.0,2.0,1.0,1.0,6.0,3.0,470000.0,3.0
80.0,3.0,2.0,1.0,0.0,1.0,11.0,175000.0,2.0
129.0,3.0,2.0,1.0,1.0,5.0,7.0,560000.0,0.0
80.0,2.0,2.0,1.0,0.0,4.0,7.0,350000.0,1.0
91.0,2.0,2.0,1.0,1.0,4.0,15.0,355000.0,1.0
91.0,3.0,2.0,1.0,1.0,7.0,14.0,193000.0,1.0
119.0,2.0,2.0,1.0,0.0,7.0,5.0,950000.0,0.0
216.0,5.0,2.0,1.0,1.0,5.0,7.0,500000.0,1.0
169.0,4.0,2.0,1.0,1.0,1.0,14.0,258000.0,3.0
64.0,2.0,2.0,1.0,0.0,3.0,12.0,285000.0,0.0
172.0,3.0,2.0,1.0,1.0,6.0,5.0,525000.0,3.0
136.0,5.0,2.0,0.0,1.0,6.0,5.0,430000.0,0.0
205.0,5.0,3.0,1.0,1.0,3.0,4.0,925000.0,3.0
66.0,3.0,2.0,1.0,0.0,7.0,3.0,170000.0,1.0
136.0,5.0,2.0,0.0,0.0,3.0,9.0,745000.0,0.0
210.0,6.0,3.0,0.0,1.0,0.0,7.0,480000.0,3.0
161.0,4.0,2.0,1.0,1.0,1.0,4.0,599000.0,2.0
120.0,3.0,2.0,1.0,1.0,1.0,5.0,535000.0,1.0
1.136,6.0,6.0,0.0,0.0,7.0,5.0,2150000.0,1.0
65.0,2.0,2.0,1.0,1.0,7.0,3.0,250000.0,2.0
144.0,2.0,2.0,1.0,1.0,3.0,9.0,1100000.0,3.0
99.0,3.0,2.0,1.0,1.0,7.0,1.0,240000.0,1.0
299.0,4.0,5.0,1.0,1.0,3.0,14.0,1410000.0,3.0
113.0,4.0,2.0,1.0,1.0,4.0,4.0,275000.0,1.0
274.0,4.0,4.0,1.0,1.0,4.0,15.0,995000.0,2.0
147.0,4.0,2.0,1.0,1.0,6.0,3.0,599000.0,3.0
60.0,3.0,2.0,1.0,1.0,3.0,8.0,250000.0,2.0
308.0,4.0,3.0,1.0,0.0,6.0,5.0,1200000.0,2.0
314.0,4.0,3.0,1.0,1.0,3.0,6.0,1300000.0,3.0
208.0,3.0,3.0,1.0,0.0,6.0,9.0,2150000.0,0.0
157.0,4.0,2.0,1.0,0.0,6.0,6.0,450000.0,1.0
163.0,3.0,2.0,1.0,1.0,6.0,9.0,1150000.0,2.0
117.0,3.0,2.0,1.0,0.0,0.0,11.0,360000.0,1.0
261.0,5.0,3.0,1.0,0.0,6.0,9.0,690000.0,0.0
286.0,4.0,4.0,1.0,1.0,7.0,5.0,1250000.0,0.0
348.0,4.0,2.0,1.0,0.0,5.0,4.0,1440000.0,3.0
240.0,3.0,3.0,1.0,1.0,4.0,7.0,800000.0,3.0
157.0,4.0,2.0,1.0,0.0,6.0,6.0,450000.0,1.0
240.0,3.0,3.0,1.0,1.0,4.0,7.0,800000.0,3.0
261.0,5.0,3.0,1.0,0.0,6.0,9.0,690000.0,0.0
286.0,4.0,4.0,1.0,1.0,7.0,5.0,1250000.0,0.0
163.0,3.0,2.0,1.0,1.0,6.0,9.0,1150000.0,2.0
86.0,3.0,2.0,1.0,0.0,7.0,15.0,124500.0,1.0
300.0,4.0,2.0,1.0,1.0,6.0,4.0,1390000.0,2.0
190.0,4.0,3.0,1.0,0.0,2.0,14.0,785000.0,3.0
130.0,3.0,2.0,0.0,0.0,0.0,9.0,745000.0,2.0
156.0,3.0,2.0,1.0,1.0,0.0,9.0,850000.0,2.0
261.0,5.0,3.0,0.0,1.0,0.0,9.0,690000.0,0.0
234.0,4.0,2.0,0.0,0.0,0.0,9.0,999000.0,2.0
256.0,6.0,3.0,1.0,1.0,0.0,5.0,655000.0,3.0
254.0,3.0,2.0,1.0,1.0,0.0,5.0,1300000.0,0.0
192.0,3.0,2.0,1.0,1.0,0.0,4.0,1100000.0,3.0
254.0,3.0,2.0,1.0,1.0,3.0,5.0,1300000.0,0.0
250.0,4.0,3.0,1.0,1.0,6.0,9.0,1050000.0,1.0
299.0,4.0,2.0,1.0,1.0,0.0,9.0,1100000.0,1.0
68.0,3.0,2.0,1.0,0.0,7.0,14.0,169000.0,0.0
120.0,2.0,2.0,1.0,0.0,3.0,1.0,180000.0,3.0
269.0,4.0,3.0,1.0,1.0,4.0,9.0,995000.0,0.0
158.0,3.0,2.0,1.0,1.0,6.0,5.0,650000.0,0.0
264.0,5.0,4.0,0.0,1.0,7.0,5.0,870000.0,1.0
342.0,6.0,4.0,1.0,1.0,6.0,5.0,1350000.0,0.0
170.0,4.0,2.0,1.0,1.0,4.0,5.0,575000.0,1.0
189.0,3.0,2.0,1.0,1.0,6.0,5.0,700000.0,1.0
105.0,3.0,2.0,1.0,1.0,5.0,9.0,475000.0,2.0
264.0,5.0,4.0,0.0,1.0,7.0,5.0,870000.0,1.0
175.0,4.0,2.0,1.0,1.0,6.0,10.0,444900.0,2.0
180.0,4.0,2.0,1.0,1.0,6.0,7.0,650000.0,1.0
80.0,3.0,2.0,1.0,1.0,4.0,10.0,170000.0,0.0
114.0,4.0,2.0,1.0,0.0,6.0,4.0,230000.0,1.0
364.0,4.0,3.0,1.0,0.0,6.0,9.0,2200000.0,1.0
147.0,3.0,2.0,1.0,1.0,3.0,3.0,350000.0,1.0
73.0,3.0,2.0,1.0,0.0,7.0,1.0,109900.0,1.0
130.0,3.0,2.0,1.0,1.0,1.0,9.0,759000.0,1.0
155.0,4.0,3.0,1.0,1.0,3.0,5.0,540000.0,1.0
114.0,3.0,2.0,1.0,0.0,7.0,7.0,360000.0,0.0
242.0,4.0,2.0,1.0,0.0,4.0,10.0,469000.0,1.0
207.0,4.0,3.0,1.0,1.0,6.0,5.0,1450000.0,1.0
186.0,3.0,2.0,1.0,1.0,6.0,5.0,899100.0,3.0
76.0,3.0,2.0,1.0,1.0,1.0,13.0,250000.0,2.0
63.0,2.0,2.0,1.0,1.0,2.0,4.0,325000.0,1.0
113.0,2.0,2.0,1.0,1.0,6.0,5.0,450000.0,2.0
156.0,2.0,2.0,1.0,1.0,3.0,8.0,280000.0,3.0
110.0,3.0,2.0,1.0,1.0,5.0,14.0,450000.0,2.0
147.0,3.0,2.0,1.0,1.0,0.0,13.0,330000.0,0.0
80.0,2.0,2.0,1.0,1.0,4.0,3.0,220000.0,0.0
192.0,4.0,2.0,1.0,1.0,7.0,7.0,399000.0,3.0
104.0,3.0,2.0,1.0,1.0,6.0,11.0,285000.0,1.0
126.0,3.0,3.0,0.0,1.0,0.0,5.0,602000.0,0.0
289.0,5.0,4.0,1.0,1.0,7.0,6.0,1065000.0,1.0
85.0,2.0,2.0,1.0,1.0,1.0,7.0,365000.0,3.0
110.0,3.0,2.0,1.0,0.0,0.0,4.0,335000.0,2.0
64.0,3.0,2.0,0.0,0.0,3.0,4.0,180000.0,0.0
198.0,7.0,2.0,1.0,1.0,7.0,7.0,422000.0,3.0
160.0,3.0,2.0,1.0,0.0,0.0,9.0,745000.0,1.0
88.0,2.0,2.0,1.0,0.0,0.0,12.0,193000.0,1.0
94.0,2.0,2.0,1.0,0.0,0.0,7.0,159000.0,2.0
165.0,4.0,2.0,1.0,1.0,0.0,9.0,630000.0,3.0
120.0,3.0,2.0,1.0,1.0,7.0,7.0,340000.0,0.0
216.0,5.0,3.0,1.0,0.0,2.0,7.0,500000.0,3.0
101.0,3.0,2.0,1.0,0.0,3.0,10.0,235000.0,3.0
127.0,2.0,2.0,1.0,0.0,3.0,5.0,329000.0,2.0
191.0,4.0,2.0,1.0,1.0,3.0,7.0,580000.0,3.0
161.0,4.0,2.0,1.0,1.0,4.0,4.0,599000.0,3.0
79.0,2.0,2.0,1.0,0.0,7.0,1.0,155900.0,1.0
194.0,3.0,2.0,1.0,1.0,6.0,5.0,869000.0,3.0
129.0,2.0,2.0,1.0,1.0,7.0,5.0,710000.0,1.0
85.0,2.0,2.0,1.0,1.0,7.0,1.0,360000.0,2.0
392.0,8.0,3.0,1.0,1.0,3.0,5.0,1300000.0,2.0
228.0,4.0,3.0,1.0,1.0,6.0,6.0,1400000.0,1.0
129.0,3.0,2.0,1.0,1.0,4.0,5.0,425000.0,3.0
102.0,3.0,2.0,0.0,1.0,0.0,3.0,479400.0,2.0
81.0,3.0,2.0,0.0,0.0,7.0,14.0,150000.0,1.0
72.0,2.0,2.0,1.0,1.0,1.0,7.0,259000.0,2.0
170.0,4.0,3.0,1.0,0.0,6.0,3.0,780000.0,1.0
128.0,4.0,2.0,1.0,1.0,6.0,7.0,360000.0,2.0
128.0,4.0,2.0,1.0,1.0,6.0,7.0,360000.0,2.0
96.0,3.0,2.0,1.0,0.0,4.0,9.0,360000.0,1.0
72.0,2.0,2.0,1.0,1.0,1.0,7.0,259000.0,2.0
153.0,5.0,2.0,1.0,0.0,3.0,9.0,399000.0,0.0
143.0,3.0,2.0,1.0,1.0,5.0,5.0,485130.0,1.0
503.0,6.0,4.0,1.0,1.0,7.0,13.0,650000.0,3.0
240.0,3.0,3.0,1.0,1.0,4.0,7.0,800000.0,2.0
136.0,5.0,2.0,1.0,1.0,3.0,13.0,399000.0,0.0
119.0,2.0,2.0,1.0,1.0,0.0,5.0,500000.0,1.0
136.0,4.0,2.0,1.0,1.0,1.0,5.0,430000.0,0.0
316.0,5.0,5.0,1.0,1.0,0.0,9.0,1800000.0,3.0
196.0,3.0,2.0,1.0,0.0,0.0,9.0,1050000.0,1.0
102.0,3.0,2.0,1.0,1.0,3.0,7.0,380000.0,0.0
234.0,5.0,5.0,1.0,1.0,4.0,5.0,780000.0,1.0
239.0,3.0,4.0,1.0,1.0,4.0,11.0,880000.0,2.0
271.0,4.0,4.0,0.0,0.0,0.0,3.0,1250000.0,2.0
212.0,4.0,2.0,1.0,1.0,0.0,5.0,925000.0,1.0
184.0,3.0,2.0,1.0,1.0,0.0,9.0,900000.0,0.0
283.0,4.0,3.0,1.0,0.0,0.0,9.0,850000.0,1.0
128.0,3.0,2.0,1.0,0.0,0.0,13.0,590000.0,0.0
182.0,4.0,2.0,1.0,0.0,0.0,5.0,1120000.0,2.0
191.0,4.0,3.0,0.0,1.0,0.0,9.0,990000.0,1.0
150.0,3.0,2.0,1.0,0.0,0.0,7.0,580000.0,0.0
353.0,5.0,4.0,1.0,1.0,5.0,6.0,1700000.0,3.0
82.0,2.0,2.0,1.0,1.0,3.0,13.0,180000.0,3.0
136.0,4.0,2.0,0.0,1.0,4.0,5.0,429000.0,0.0
88.0,2.0,2.0,1.0,1.0,4.0,4.0,195000.0,2.0
90.0,4.0,2.0,1.0,1.0,4.0,0.0,275000.0,2.0
205.0,4.0,3.0,1.0,1.0,0.0,9.0,1050000.0,3.0
82.0,2.0,2.0,1.0,1.0,3.0,13.0,180000.0,3.0
71.0,3.0,2.0,1.0,1.0,2.0,11.0,175000.0,2.0
136.0,4.0,2.0,0.0,1.0,4.0,5.0,429000.0,0.0
95.0,2.0,2.0,1.0,1.0,2.0,5.0,398000.0,1.0
126.0,3.0,2.0,1.0,1.0,2.0,10.0,350000.0,1.0
96.0,3.0,2.0,1.0,0.0,6.0,9.0,480000.0,3.0
61.0,2.0,2.0,1.0,1.0,7.0,15.0,129000.0,0.0
104.0,3.0,2.0,1.0,1.0,6.0,11.0,285000.0,1.0
109.0,3.0,2.0,1.0,1.0,0.0,11.0,279000.0,3.0
124.0,3.0,2.0,1.0,1.0,6.0,13.0,330000.0,1.0
96.0,2.0,2.0,1.0,1.0,4.0,4.0,399000.0,2.0
147.0,3.0,2.0,1.0,0.0,6.0,9.0,480000.0,3.0
234.0,5.0,4.0,1.0,1.0,4.0,8.0,670000.0,3.0
112.0,4.0,2.0,0.0,1.0,7.0,6.0,285000.0,0.0
129.0,3.0,2.0,1.0,0.0,6.0,7.0,560000.0,0.0
143.0,3.0,2.0,1.0,0.0,6.0,5.0,509000.0,3.0
107.0,2.0,2.0,1.0,1.0,5.0,6.0,430000.0,3.0
101.0,2.0,2.0,1.0,0.0,1.0,8.0,279000.0,2.0
132.0,3.0,2.0,1.0,1.0,0.0,12.0,405000.0,2.0
132.0,3.0,2.0,1.0,1.0,0.0,12.0,405000.0,2.0
120.0,4.0,2.0,1.0,1.0,6.0,7.0,320000.0,0.0
103.0,2.0,2.0,1.0,0.0,2.0,7.0,435000.0,3.0
71.0,2.0,2.0,1.0,0.0,0.0,14.0,227500.0,0.0
128.0,3.0,2.0,1.0,1.0,2.0,7.0,455000.0,1.0
102.0,3.0,2.0,1.0,0.0,5.0,7.0,325000.0,0.0
115.0,4.0,2.0,1.0,1.0,0.0,1.0,270000.0,0.0
115.0,4.0,2.0,1.0,1.0,0.0,1.0,270000.0,0.0
217.0,4.0,3.0,1.0,1.0,6.0,5.0,850000.0,3.0
130.0,3.0,2.0,1.0,1.0,6.0,9.0,759000.0,1.0
136.0,4.0,2.0,1.0,0.0,0.0,5.0,430000.0,0.0
208.0,3.0,3.0,1.0,0.0,7.0,14.0,700000.0,2.0
365.0,4.0,4.0,1.0,1.0,6.0,9.0,1325000.0,1.0
136.0,4.0,2.0,0.0,1.0,7.0,5.0,430000.0,0.0
135.0,4.0,2.0,0.0,1.0,7.0,7.0,350000.0,0.0
107.0,4.0,2.0,1.0,0.0,3.0,8.0,159000.0,3.0
224.0,7.0,2.0,0.0,1.0,4.0,9.0,890000.0,1.0
234.0,6.0,3.0,0.0,0.0,7.0,9.0,575000.0,0.0
99.0,2.0,2.0,1.0,1.0,6.0,12.0,182000.0,3.0
210.0,6.0,3.0,1.0,0.0,3.0,7.0,480000.0,3.0
188.0,3.0,2.0,1.0,1.0,0.0,5.0,990000.0,2.0
70.0,3.0,2.0,1.0,0.0,7.0,11.0,175000.0,0.0
125.0,5.0,2.0,0.0,0.0,4.0,10.0,240000.0,3.0
166.0,5.0,3.0,1.0,1.0,2.0,8.0,519000.0,0.0
121.0,4.0,2.0,1.0,1.0,3.0,12.0,360000.0,2.0
130.0,4.0,3.0,1.0,1.0,3.0,4.0,430000.0,3.0
152.0,3.0,2.0,1.0,1.0,6.0,3.0,645000.0,1.0
147.0,4.0,2.0,1.0,1.0,6.0,3.0,599000.0,3.0
95.0,2.0,2.0,1.0,1.0,5.0,7.0,350000.0,3.0
229.0,3.0,4.0,1.0,1.0,7.0,7.0,690000.0,2.0
180.0,4.0,2.0,0.0,1.0,2.0,9.0,760000.0,0.0
112.0,5.0,3.0,1.0,0.0,0.0,6.0,440000.0,0.0
210.0,6.0,3.0,1.0,0.0,0.0,7.0,480000.0,2.0
210.0,4.0,2.0,1.0,1.0,0.0,4.0,500000.0,2.0
360.0,3.0,3.0,1.0,1.0,6.0,4.0,2200000.0,3.0
360.0,3.0,3.0,1.0,1.0,6.0,4.0,2200000.0,3.0
180.0,4.0,3.0,0.0,1.0,0.0,9.0,665000.0,3.0
176.0,4.0,2.0,1.0,1.0,1.0,5.0,1120000.0,2.0
93.0,2.0,2.0,1.0,1.0,3.0,12.0,182000.0,1.0
102.0,2.0,2.0,1.0,1.0,0.0,5.0,900000.0,2.0
132.0,3.0,2.0,1.0,1.0,3.0,10.0,228000.0,3.0
113.0,3.0,2.0,0.0,0.0,3.0,13.0,155000.0,2.0
114.0,2.0,2.0,1.0,1.0,0.0,5.0,435000.0,0.0
215.0,6.0,2.0,0.0,1.0,0.0,5.0,900000.0,0.0
253.0,4.0,2.0,1.0,1.0,4.0,9.0,1100000.0,1.0
74.0,2.0,2.0,0.0,0.0,7.0,15.0,133000.0,2.0
220.0,3.0,3.0,1.0,1.0,0.0,3.0,990000.0,3.0
201.0,5.0,3.0,1.0,1.0,6.0,0.0,680000.0,2.0
142.0,4.0,2.0,0.0,1.0,2.0,7.0,380000.0,1.0
70.0,3.0,2.0,1.0,1.0,3.0,7.0,220000.0,2.0
75.0,2.0,2.0,1.0,1.0,3.0,3.0,250000.0,2.0
61.0,2.0,2.0,0.0,0.0,3.0,9.0,220000.0,2.0
141.0,4.0,3.0,1.0,1.0,3.0,4.0,700000.0,3.0
118.0,3.0,2.0,1.0,1.0,2.0,15.0,225000.0,1.0
60.0,3.0,2.0,1.0,0.0,1.0,1.0,128000.0,0.0
88.0,2.0,2.0,1.0,0.0,3.0,14.0,325000.0,1.0
82.0,3.0,2.0,1.0,1.0,7.0,4.0,359990.0,2.0
158.0,4.0,2.0,1.0,1.0,6.0,6.0,450000.0,2.0
140.0,4.0,2.0,1.0,0.0,7.0,11.0,320000.0,0.0
274.0,5.0,3.0,1.0,1.0,2.0,5.0,1100000.0,0.0
147.0,4.0,2.0,1.0,0.0,6.0,3.0,599000.0,2.0
234.0,3.0,2.0,1.0,1.0,0.0,9.0,999000.0,1.0
104.0,3.0,2.0,1.0,1.0,6.0,11.0,285000.0,2.0
185.0,4.0,2.0,1.0,1.0,5.0,9.0,1600000.0,3.0
175.0,4.0,2.0,1.0,1.0,1.0,10.0,444900.0,3.0
104.0,3.0,2.0,1.0,1.0,6.0,11.0,285000.0,2.0
70.0,3.0,2.0,1.0,1.0,3.0,7.0,220000.0,3.0
216.0,4.0,3.0,1.0,1.0,3.0,9.0,990000.0,3.0
230.0,3.0,2.0,1.0,1.0,6.0,1.0,558000.0,3.0
159.0,4.0,2.0,1.0,1.0,0.0,7.0,460000.0,2.0
75.0,2.0,2.0,1.0,1.0,1.0,5.0,360000.0,1.0
70.0,3.0,2.0,1.0,0.0,7.0,7.0,220000.0,2.0
51.0,2.0,2.0,1.0,0.0,7.0,0.0,180000.0,0.0
121.0,2.0,2.0,1.0,1.0,6.0,5.0,268000.0,3.0
76.0,2.0,2.0,1.0,1.0,0.0,14.0,165000.0,1.0
305.0,6.0,3.0,0.0,1.0,6.0,9.0,1000000.0,2.0
145.0,5.0,2.0,1.0,1.0,3.0,9.0,570000.0,0.0
130.0,2.0,2.0,1.0,0.0,1.0,12.0,189000.0,0.0
166.0,5.0,2.0,1.0,0.0,6.0,5.0,710000.0,1.0
216.0,4.0,3.0,1.0,1.0,0.0,5.0,950000.0,1.0
136.0,4.0,2.0,0.0,0.0,0.0,5.0,645000.0,0.0
163.0,4.0,2.0,1.0,1.0,6.0,9.0,630000.0,3.0
135.0,3.0,2.0,1.0,1.0,6.0,9.0,745000.0,3.0
269.0,5.0,4.0,1.0,1.0,3.0,9.0,995000.0,2.0
179.0,4.0,2.0,1.0,1.0,0.0,7.0,550000.0,1.0
365.0,4.0,5.0,1.0,1.0,3.0,9.0,1325000.0,3.0
114.0,2.0,2.0,1.0,1.0,4.0,5.0,430000.0,0.0
92.0,2.0,2.0,1.0,0.0,6.0,5.0,350000.0,2.0
133.0,2.0,2.0,1.0,1.0,0.0,13.0,299000.0,3.0
82.0,3.0,2.0,1.0,1.0,7.0,1.0,175000.0,3.0
80.0,3.0,2.0,0.0,0.0,7.0,7.0,270000.0,1.0
100.0,3.0,2.0,1.0,1.0,0.0,12.0,320000.0,0.0
266.0,5.0,3.0,1.0,1.0,6.0,9.0,695000.0,3.0
169.0,3.0,3.0,1.0,1.0,0.0,4.0,540000.0,2.0
117.0,4.0,2.0,1.0,1.0,0.0,8.0,285000.0,3.0
95.0,2.0,2.0,1.0,1.0,3.0,7.0,300000.0,1.0
160.0,2.0,2.0,1.0,1.0,7.0,5.0,380000.0,0.0
208.0,3.0,2.0,1.0,1.0,3.0,5.0,985000.0,0.0
189.0,3.0,2.0,1.0,1.0,0.0,0.0,440000.0,0.0
122.0,3.0,2.0,1.0,1.0,6.0,3.0,485000.0,1.0
151.0,3.0,2.0,1.0,1.0,4.0,12.0,320000.0,1.0
75.0,2.0,2.0,1.0,1.0,4.0,6.0,305000.0,1.0
270.0,2.0,2.0,1.0,1.0,4.0,3.0,870000.0,3.0
81.0,3.0,2.0,1.0,0.0,0.0,10.0,229000.0,0.0
217.0,4.0,3.0,1.0,1.0,6.0,5.0,750000.0,0.0
124.0,3.0,2.0,1.0,1.0,4.0,10.0,198000.0,1.0
211.0,4.0,3.0,1.0,0.0,4.0,5.0,630000.0,2.0
195.0,3.0,2.0,1.0,1.0,6.0,5.0,590000.0,0.0
100.0,3.0,2.0,1.0,1.0,6.0,14.0,210000.0,1.0
167.0,4.0,3.0,0.0,1.0,6.0,5.0,540000.0,2.0
403.0,5.0,4.0,1.0,1.0,6.0,13.0,850000.0,1.0
122.0,3.0,2.0,1.0,1.0,4.0,3.0,500000.0,1.0
164.0,2.0,2.0,1.0,1.0,4.0,11.0,500000.0,1.0
172.0,4.0,2.0,1.0,1.0,6.0,5.0,624900.0,1.0
142.0,3.0,2.0,1.0,1.0,6.0,0.0,550000.0,2.0
133.0,3.0,2.0,1.0,1.0,4.0,7.0,499000.0,1.0
142.0,3.0,2.0,1.0,1.0,0.0,10.0,215000.0,1.0
279.0,5.0,3.0,0.0,1.0,6.0,6.0,850000.0,0.0
191.0,4.0,3.0,1.0,1.0,6.0,9.0,990000.0,1.0
331.0,5.0,5.0,1.0,1.0,5.0,9.0,1950000.0,3.0
129.0,2.0,2.0,1.0,1.0,1.0,8.0,280000.0,2.0
212.0,5.0,2.0,1.0,1.0,7.0,5.0,600000.0,1.0
150.0,3.0,3.0,1.0,1.0,4.0,7.0,670000.0,0.0
219.0,4.0,4.0,1.0,1.0,0.0,5.0,900000.0,0.0
135.0,3.0,2.0,0.0,1.0,3.0,9.0,745000.0,3.0
116.0,2.0,3.0,1.0,1.0,4.0,13.0,588000.0,0.0
222.0,3.0,2.0,1.0,1.0,6.0,9.0,900000.0,0.0
194.0,3.0,2.0,1.0,1.0,6.0,9.0,850000.0,0.0
160.0,4.0,2.0,1.0,0.0,2.0,9.0,990000.0,3.0
308.0,6.0,4.0,1.0,1.0,3.0,4.0,889000.0,3.0
155.0,4.0,3.0,1.0,1.0,3.0,5.0,540000.0,1.0
135.0,3.0,2.0,1.0,1.0,4.0,11.0,260000.0,1.0
79.0,2.0,2.0,1.0,1.0,1.0,5.0,350000.0,1.0
274.0,4.0,4.0,1.0,1.0,4.0,15.0,995000.0,2.0
95.0,4.0,2.0,1.0,0.0,0.0,7.0,200000.0,1.0
122.0,3.0,2.0,1.0,1.0,6.0,15.0,620000.0,2.0
118.0,3.0,2.0,1.0,1.0,7.0,13.0,360000.0,2.0
170.0,4.0,2.0,1.0,1.0,6.0,9.0,825000.0,3.0
162.0,3.0,2.0,1.0,1.0,3.0,9.0,775000.0,3.0
117.0,3.0,2.0,1.0,1.0,7.0,3.0,364000.0,2.0
163.0,3.0,2.0,0.0,0.0,0.0,0.0,440000.0,0.0
395.0,8.0,6.0,1.0,1.0,7.0,13.0,750000.0,3.0
158.0,4.0,2.0,1.0,1.0,4.0,11.0,295000.0,1.0
132.0,3.0,2.0,1.0,1.0,2.0,0.0,355000.0,2.0
128.0,5.0,2.0,1.0,1.0,0.0,7.0,279000.0,0.0
365.0,4.0,5.0,1.0,1.0,3.0,9.0,1325000.0,3.0
131.0,3.0,2.0,1.0,1.0,2.0,14.0,369000.0,1.0
234.0,3.0,3.0,1.0,1.0,6.0,5.0,1050000.0,3.0
135.0,4.0,2.0,1.0,1.0,7.0,6.0,490000.0,0.0
280.0,3.0,4.0,1.0,1.0,3.0,9.0,1200000.0,3.0
87.0,3.0,2.0,1.0,0.0,4.0,15.0,210000.0,1.0
157.0,4.0,2.0,1.0,1.0,3.0,6.0,450000.0,1.0
135.0,4.0,2.0,1.0,1.0,7.0,6.0,490000.0,0.0
200.0,4.0,2.0,0.0,0.0,7.0,8.0,162000.0,2.0
126.0,3.0,2.0,1.0,1.0,1.0,3.0,445000.0,0.0
280.0,3.0,4.0,1.0,1.0,3.0,9.0,1200000.0,3.0
138.0,3.0,2.0,1.0,1.0,5.0,7.0,449000.0,1.0
151.0,3.0,2.0,1.0,1.0,2.0,3.0,600000.0,1.0
102.0,4.0,2.0,1.0,1.0,1.0,4.0,315000.0,2.0
170.0,5.0,3.0,1.0,0.0,0.0,5.0,520000.0,0.0
100.0,3.0,2.0,1.0,0.0,2.0,13.0,285000.0,3.0
95.0,3.0,2.0,1.0,1.0,0.0,10.0,179000.0,1.0
72.0,2.0,2.0,1.0,1.0,3.0,15.0,141600.0,1.0
167.0,4.0,3.0,0.0,1.0,6.0,5.0,540000.0,3.0
278.0,6.0,3.0,0.0,1.0,2.0,6.0,750000.0,3.0
170.0,4.0,3.0,1.0,1.0,0.0,4.0,690000.0,0.0
196.0,4.0,2.0,1.0,1.0,6.0,7.0,500000.0,3.0
100.0,4.0,2.0,0.0,1.0,7.0,8.0,172000.0,1.0
155.0,3.0,2.0,1.0,1.0,1.0,5.0,535000.0,0.0
128.0,3.0,2.0,1.0,1.0,6.0,12.0,266000.0,1.0
235.0,4.0,2.0,1.0,1.0,0.0,2.0,498000.0,1.0
215.0,5.0,3.0,1.0,1.0,7.0,11.0,470000.0,0.0
80.0,2.0,2.0,1.0,0.0,6.0,15.0,180000.0,3.0
150.0,4.0,2.0,1.0,1.0,7.0,14.0,275000.0,1.0
274.0,6.0,4.0,1.0,1.0,2.0,7.0,550000.0,1.0
343.0,5.0,6.0,1.0,1.0,3.0,9.0,1950000.0,3.0
254.0,5.0,3.0,1.0,1.0,6.0,4.0,575000.0,2.0
96.0,3.0,2.0,1.0,1.0,7.0,3.0,200000.0,1.0
179.0,4.0,3.0,1.0,1.0,2.0,7.0,722000.0,1.0
76.0,3.0,2.0,0.0,0.0,0.0,10.0,120000.0,0.0
126.0,4.0,2.0,1.0,1.0,5.0,12.0,280000.0,0.0
138.0,3.0,2.0,1.0,1.0,3.0,9.0,695000.0,0.0
192.0,4.0,2.0,1.0,0.0,6.0,7.0,480000.0,2.0
130.0,2.0,2.0,1.0,1.0,3.0,5.0,380000.0,0.0
125.0,3.0,2.0,1.0,1.0,3.0,9.0,400000.0,1.0
64.0,3.0,2.0,0.0,0.0,7.0,4.0,180000.0,0.0
253.0,4.0,2.0,1.0,1.0,3.0,5.0,1100000.0,1.0
85.0,2.0,2.0,1.0,1.0,3.0,13.0,350000.0,3.0
58.0,2.0,2.0,1.0,1.0,3.0,4.0,150000.0,0.0
174.0,2.0,2.0,1.0,1.0,3.0,12.0,395000.0,3.0
73.0,3.0,2.0,0.0,0.0,4.0,14.0,158000.0,1.0
187.0,3.0,4.0,1.0,1.0,4.0,7.0,590000.0,3.0
310.0,5.0,4.0,1.0,1.0,3.0,5.0,1500000.0,1.0
272.0,3.0,3.0,1.0,1.0,0.0,3.0,895000.0,2.0
71.0,2.0,2.0,1.0,0.0,0.0,8.0,120000.0,2.0
286.0,4.0,4.0,1.0,1.0,3.0,5.0,1250000.0,3.0
109.0,4.0,2.0,1.0,0.0,4.0,7.0,325000.0,1.0
370.0,5.0,2.0,0.0,1.0,3.0,5.0,650000.0,3.0
89.0,3.0,2.0,1.0,1.0,7.0,14.0,308000.0,3.0
122.0,3.0,2.0,1.0,0.0,0.0,5.0,630000.0,3.0
136.0,3.0,2.0,1.0,0.0,6.0,9.0,695000.0,0.0
110.0,3.0,2.0,1.0,0.0,7.0,11.0,273000.0,1.0
60.0,3.0,2.0,0.0,0.0,7.0,10.0,75000.0,0.0
285.0,6.0,4.0,1.0,1.0,6.0,5.0,1000000.0,1.0
70.0,2.0,2.0,1.0,1.0,7.0,1.0,170000.0,1.0
184.0,4.0,3.0,1.0,1.0,3.0,5.0,1300000.0,1.0
94.0,3.0,2.0,0.0,0.0,3.0,9.0,380000.0,0.0
111.0,3.0,2.0,1.0,1.0,6.0,1.0,330000.0,0.0
108.0,2.0,2.0,1.0,0.0,7.0,9.0,350000.0,2.0
113.0,3.0,2.0,1.0,1.0,7.0,14.0,380000.0,2.0
74.0,2.0,2.0,1.0,1.0,0.0,9.0,425000.0,1.0
85.0,3.0,2.0,1.0,1.0,3.0,11.0,240000.0,2.0
110.0,3.0,3.0,1.0,0.0,7.0,9.0,490000.0,1.0
125.0,4.0,3.0,1.0,1.0,4.0,4.0,430000.0,2.0
147.0,4.0,2.0,1.0,1.0,0.0,3.0,599000.0,3.0
114.0,3.0,2.0,1.0,1.0,3.0,7.0,375000.0,2.0
100.0,2.0,2.0,1.0,1.0,0.0,7.0,435000.0,1.0
258.0,4.0,3.0,1.0,1.0,3.0,9.0,1400000.0,3.0
165.0,4.0,2.0,0.0,0.0,0.0,9.0,630000.0,2.0
82.0,3.0,2.0,1.0,0.0,7.0,3.0,229000.0,2.0
154.0,4.0,2.0,0.0,0.0,0.0,9.0,700000.0,0.0
213.0,4.0,3.0,1.0,1.0,6.0,5.0,830000.0,1.0
165.0,4.0,3.0,1.0,0.0,0.0,5.0,750000.0,2.0
109.0,2.0,2.0,1.0,1.0,1.0,9.0,350000.0,2.0
224.0,3.0,3.0,1.0,1.0,0.0,6.0,895000.0,2.0
122.0,3.0,2.0,1.0,1.0,2.0,5.0,690000.0,1.0
70.0,3.0,2.0,1.0,0.0,0.0,13.0,170000.0,1.0
1.03,3.0,2.0,0.0,1.0,3.0,2.0,975000.0,2.0
342.0,6.0,4.0,1.0,1.0,6.0,5.0,1400000.0,0.0
305.0,6.0,3.0,0.0,1.0,3.0,9.0,1000000.0,2.0
111.0,3.0,2.0,1.0,1.0,0.0,12.0,192000.0,0.0
141.0,4.0,2.0,1.0,1.0,7.0,2.0,346000.0,1.0
50.0,2.0,2.0,1.0,0.0,7.0,10.0,170000.0,0.0
50.0,2.0,2.0,1.0,0.0,7.0,10.0,170000.0,0.0
108.0,3.0,2.0,1.0,1.0,4.0,3.0,365000.0,1.0
141.0,4.0,2.0,1.0,1.0,7.0,2.0,346000.0,1.0
315.0,5.0,2.0,1.0,1.0,4.0,6.0,1095000.0,3.0
89.0,2.0,2.0,0.0,1.0,0.0,15.0,335000.0,2.0
135.0,4.0,2.0,1.0,0.0,0.0,4.0,360000.0,2.0
101.0,3.0,2.0,0.0,1.0,0.0,15.0,375000.0,2.0
101.0,3.0,2.0,1.0,1.0,6.0,7.0,429900.0,0.0
201.0,4.0,2.0,0.0,1.0,6.0,7.0,720000.0,3.0
105.0,2.0,2.0,1.0,1.0,6.0,9.0,475000.0,1.0
400.0,10.0,2.0,0.0,0.0,3.0,6.0,850000.0,2.0
380.0,8.0,4.0,0.0,0.0,0.0,5.0,1100000.0,2.0
167.0,3.0,2.0,1.0,1.0,0.0,12.0,380000.0,1.0
189.0,4.0,2.0,0.0,1.0,7.0,5.0,820000.0,2.0
165.0,4.0,2.0,1.0,0.0,1.0,7.0,390000.0,2.0
165.0,4.0,2.0,1.0,0.0,1.0,7.0,390000.0,2.0
131.0,4.0,2.0,1.0,1.0,3.0,1.0,577000.0,3.0
65.0,2.0,2.0,1.0,1.0,4.0,13.0,257000.0,0.0
122.0,2.0,2.0,1.0,1.0,4.0,1.0,280000.0,0.0
128.0,2.0,3.0,1.0,0.0,7.0,15.0,399000.0,3.0
108.0,3.0,2.0,1.0,1.0,7.0,0.0,210000.0,2.0
177.0,4.0,2.0,1.0,1.0,6.0,7.0,550000.0,3.0
179.0,4.0,2.0,1.0,0.0,6.0,7.0,580000.0,2.0
136.0,2.0,2.0,1.0,0.0,4.0,11.0,299000.0,2.0
100.0,2.0,2.0,1.0,0.0,4.0,14.0,350000.0,1.0
275.0,5.0,3.0,1.0,1.0,4.0,9.0,825000.0,1.0
100.0,3.0,2.0,1.0,0.0,4.0,11.0,250000.0,2.0
208.0,3.0,2.0,1.0,0.0,0.0,5.0,812000.0,0.0
82.0,3.0,2.0,1.0,1.0,0.0,1.0,175000.0,2.0
126.0,2.0,2.0,1.0,0.0,0.0,10.0,225000.0,2.0
75.0,2.0,2.0,1.0,1.0,0.0,3.0,250000.0,2.0
136.0,2.0,2.0,1.0,0.0,4.0,11.0,299000.0,2.0
92.0,2.0,2.0,1.0,1.0,6.0,14.0,360000.0,2.0
106.0,3.0,3.0,1.0,0.0,0.0,9.0,499900.0,0.0
177.0,4.0,2.0,1.0,1.0,4.0,7.0,550000.0,3.0
72.0,2.0,2.0,1.0,0.0,0.0,13.0,209000.0,1.0
208.0,3.0,2.0,1.0,0.0,0.0,5.0,812000.0,0.0
74.0,3.0,2.0,1.0,1.0,7.0,11.0,250000.0,1.0
100.0,2.0,2.0,1.0,0.0,4.0,14.0,350000.0,1.0
275.0,5.0,3.0,1.0,1.0,4.0,9.0,825000.0,1.0
220.0,5.0,3.0,0.0,0.0,7.0,9.0,1200000.0,0.0
152.0,5.0,3.0,0.0,1.0,5.0,14.0,350000.0,1.0
138.0,3.0,2.0,1.0,1.0,3.0,7.0,449000.0,0.0
228.0,5.0,3.0,1.0,1.0,3.0,9.0,1250000.0,3.0
119.0,3.0,2.0,1.0,1.0,6.0,14.0,337000.0,2.0
122.0,4.0,2.0,1.0,1.0,3.0,8.0,295000.0,1.0
89.0,3.0,2.0,1.0,0.0,4.0,7.0,230000.0,3.0
162.0,3.0,2.0,1.0,1.0,3.0,9.0,775000.0,1.0
132.0,3.0,2.0,1.0,1.0,3.0,1.0,483000.0,3.0
122.0,4.0,2.0,1.0,1.0,4.0,8.0,295000.0,1.0
120.0,2.0,2.0,1.0,0.0,3.0,3.0,475000.0,1.0
136.0,4.0,2.0,1.0,1.0,3.0,5.0,429900.0,0.0
110.0,2.0,2.0,1.0,1.0,7.0,13.0,299000.0,2.0
157.0,2.0,2.0,0.0,0.0,7.0,13.0,400000.0,0.0
91.0,3.0,2.0,1.0,0.0,7.0,13.0,199900.0,3.0
113.0,4.0,2.0,1.0,0.0,4.0,9.0,600000.0,3.0
75.0,3.0,2.0,1.0,0.0,3.0,12.0,179800.0,3.0
133.0,5.0,2.0,1.0,1.0,4.0,7.0,560000.0,1.0
70.0,3.0,2.0,1.0,1.0,7.0,2.0,185500.0,3.0
102.0,2.0,2.0,1.0,0.0,7.0,5.0,900000.0,2.0
274.0,5.0,3.0,1.0,1.0,7.0,5.0,1100000.0,0.0
198.0,6.0,3.0,1.0,0.0,7.0,5.0,600000.0,3.0
321.0,10.0,2.0,1.0,0.0,3.0,6.0,850000.0,2.0
135.0,4.0,2.0,0.0,0.0,6.0,7.0,410000.0,0.0
181.0,3.0,2.0,1.0,1.0,0.0,9.0,680000.0,3.0
324.0,7.0,3.0,1.0,0.0,3.0,5.0,985000.0,0.0
123.0,4.0,2.0,1.0,1.0,3.0,8.0,294999.0,1.0
122.0,4.0,2.0,1.0,1.0,4.0,8.0,295000.0,1.0
124.0,3.0,2.0,1.0,0.0,0.0,0.0,270000.0,1.0
162.0,4.0,3.0,0.0,1.0,0.0,14.0,440000.0,2.0
198.0,4.0,3.0,0.0,1.0,0.0,14.0,465000.0,2.0
280.0,6.0,3.0,0.0,0.0,0.0,9.0,735000.0,1.0
300.0,5.0,3.0,0.0,0.0,7.0,2.0,250000.0,0.0
199.0,4.0,3.0,0.0,1.0,0.0,14.0,520000.0,2.0
66.0,3.0,2.0,1.0,1.0,7.0,15.0,66000.0,1.0
111.0,2.0,2.0,0.0,0.0,0.0,9.0,420000.0,2.0
122.0,4.0,2.0,1.0,1.0,0.0,8.0,295000.0,1.0
95.0,4.0,2.0,1.0,1.0,7.0,13.0,225000.0,1.0
169.0,5.0,2.0,0.0,1.0,3.0,9.0,510000.0,1.0
144.0,5.0,3.0,1.0,1.0,1.0,10.0,230000.0,1.0
111.0,2.0,2.0,0.0,0.0,0.0,9.0,420000.0,2.0
122.0,4.0,2.0,1.0,1.0,0.0,8.0,295000.0,1.0
95.0,3.0,2.0,1.0,1.0,0.0,9.0,340000.0,0.0
130.0,3.0,2.0,1.0,1.0,0.0,8.0,209000.0,1.0
218.0,4.0,3.0,1.0,1.0,6.0,5.0,1200000.0,0.0
83.0,2.0,2.0,1.0,0.0,2.0,7.0,400832.0,0.0
97.0,2.0,2.0,1.0,1.0,3.0,12.0,182000.0,1.0
62.0,3.0,2.0,1.0,0.0,3.0,1.0,124900.0,1.0
122.0,4.0,2.0,1.0,1.0,0.0,8.0,295000.0,1.0
95.0,2.0,2.0,1.0,0.0,2.0,14.0,209500.0,3.0
46.0,2.0,2.0,0.0,0.0,7.0,0.0,160000.0,0.0
100.0,2.0,2.0,1.0,1.0,7.0,14.0,259500.0,2.0
148.0,4.0,3.0,1.0,1.0,0.0,13.0,470000.0,3.0
177.0,4.0,3.0,1.0,1.0,1.0,14.0,990000.0,2.0
147.0,3.0,3.0,1.0,1.0,0.0,14.0,815000.0,3.0
284.0,5.0,2.0,1.0,1.0,6.0,6.0,850000.0,0.0
67.0,2.0,2.0,1.0,1.0,0.0,1.0,170000.0,1.0
156.0,4.0,2.0,1.0,1.0,1.0,9.0,770000.0,1.0
124.0,3.0,2.0,1.0,1.0,7.0,9.0,600000.0,1.0
142.0,3.0,2.0,1.0,1.0,1.0,10.0,225000.0,1.0
103.0,2.0,2.0,1.0,1.0,2.0,7.0,435000.0,1.0
81.0,2.0,2.0,0.0,0.0,4.0,1.0,155900.0,1.0
195.0,3.0,2.0,1.0,0.0,4.0,7.0,800000.0,3.0
403.0,5.0,4.0,1.0,0.0,0.0,13.0,850000.0,3.0
400.0,10.0,2.0,1.0,0.0,3.0,6.0,850000.0,2.0
101.0,3.0,2.0,1.0,0.0,0.0,3.0,156000.0,3.0
133.0,3.0,2.0,0.0,0.0,0.0,9.0,995000.0,2.0
64.0,3.0,2.0,1.0,1.0,7.0,13.0,220000.0,1.0
164.0,3.0,2.0,1.0,1.0,0.0,15.0,515000.0,0.0
312.0,3.0,4.0,1.0,1.0,0.0,5.0,2300000.0,0.0
101.0,3.0,2.0,1.0,0.0,7.0,4.0,297500.0,3.0
130.0,3.0,2.0,0.0,0.0,0.0,8.0,307000.0,2.0
67.0,2.0,2.0,1.0,0.0,4.0,14.0,210000.0,0.0
69.0,2.0,2.0,0.0,0.0,0.0,8.0,372000.0,2.0
161.0,5.0,2.0,0.0,0.0,0.0,0.0,320000.0,2.0
149.0,3.0,2.0,1.0,1.0,0.0,1.0,480000.0,3.0
255.0,4.0,4.0,1.0,1.0,2.0,4.0,540000.0,3.0
168.0,4.0,2.0,1.0,1.0,7.0,6.0,589000.0,3.0
130.0,4.0,3.0,1.0,1.0,6.0,4.0,430000.0,2.0
104.0,3.0,2.0,1.0,0.0,7.0,10.0,165000.0,1.0
55.0,3.0,2.0,0.0,0.0,7.0,4.0,80000.0,0.0
175.0,3.0,3.0,1.0,1.0,6.0,9.0,640000.0,3.0
280.0,3.0,4.0,1.0,0.0,4.0,9.0,1200000.0,3.0
147.0,4.0,2.0,1.0,1.0,0.0,3.0,599000.0,3.0
230.0,3.0,4.0,1.0,0.0,3.0,7.0,590000.0,2.0
82.0,2.0,2.0,0.0,0.0,7.0,13.0,220000.0,2.0
125.0,4.0,2.0,1.0,0.0,7.0,12.0,335000.0,2.0
128.0,4.0,2.0,1.0,1.0,3.0,5.0,379000.0,1.0
90.0,3.0,2.0,1.0,0.0,0.0,11.0,175000.0,2.0
118.0,4.0,2.0,1.0,1.0,0.0,11.0,329000.0,2.0
226.0,3.0,4.0,1.0,1.0,7.0,7.0,690000.0,2.0
120.0,3.0,2.0,1.0,1.0,2.0,3.0,350000.0,3.0
125.0,3.0,2.0,1.0,1.0,0.0,2.0,232000.0,1.0
118.0,4.0,2.0,1.0,1.0,0.0,11.0,329000.0,2.0
178.0,4.0,2.0,0.0,1.0,0.0,9.0,750000.0,2.0
253.0,4.0,2.0,1.0,1.0,7.0,9.0,1100000.0,1.0
90.0,3.0,2.0,1.0,0.0,0.0,11.0,175000.0,2.0
125.0,2.0,2.0,1.0,1.0,6.0,4.0,340000.0,2.0
131.0,4.0,2.0,1.0,1.0,3.0,1.0,474000.0,3.0
128.0,4.0,2.0,1.0,1.0,3.0,5.0,379000.0,1.0
55.0,2.0,2.0,1.0,0.0,0.0,12.0,209000.0,2.0
226.0,3.0,4.0,1.0,1.0,7.0,7.0,690000.0,2.0
128.0,4.0,2.0,1.0,1.0,4.0,12.0,218000.0,1.0
345.0,7.0,3.0,0.0,1.0,5.0,5.0,749000.0,0.0
130.0,4.0,2.0,1.0,1.0,3.0,7.0,320000.0,2.0
250.0,4.0,3.0,1.0,1.0,6.0,6.0,645000.0,3.0
145.0,4.0,2.0,1.0,1.0,6.0,5.0,985000.0,3.0
124.0,3.0,2.0,0.0,1.0,2.0,4.0,339000.0,2.0
185.0,4.0,3.0,1.0,1.0,6.0,5.0,965000.0,1.0
342.0,7.0,3.0,0.0,1.0,3.0,5.0,765000.0,0.0
91.0,3.0,2.0,1.0,0.0,2.0,9.0,360000.0,1.0
106.0,4.0,2.0,1.0,1.0,4.0,0.0,275000.0,3.0
185.0,4.0,3.0,1.0,1.0,6.0,9.0,965000.0,3.0
185.0,4.0,2.0,1.0,1.0,6.0,6.0,455000.0,0.0
147.0,4.0,2.0,1.0,0.0,3.0,7.0,418000.0,0.0
101.0,2.0,2.0,1.0,1.0,0.0,9.0,350000.0,0.0
126.0,3.0,2.0,1.0,1.0,1.0,3.0,445000.0,2.0
144.0,4.0,3.0,1.0,1.0,0.0,14.0,350000.0,2.0
123.0,4.0,4.0,1.0,1.0,0.0,3.0,680000.0,0.0
120.0,2.0,2.0,1.0,1.0,4.0,5.0,430000.0,1.0
185.0,4.0,3.0,1.0,1.0,6.0,9.0,965000.0,3.0
185.0,4.0,2.0,1.0,1.0,6.0,6.0,455000.0,0.0
139.0,4.0,2.0,1.0,0.0,7.0,5.0,380000.0,3.0
124.0,3.0,2.0,0.0,1.0,0.0,4.0,339000.0,2.0
231.0,3.0,2.0,0.0,1.0,0.0,4.0,550000.0,2.0
383.0,5.0,4.0,1.0,1.0,3.0,9.0,2100000.0,3.0
120.0,3.0,3.0,1.0,0.0,0.0,6.0,384000.0,0.0
147.0,4.0,2.0,1.0,0.0,3.0,5.0,418000.0,0.0
135.0,2.0,2.0,1.0,1.0,3.0,13.0,299000.0,2.0
124.0,3.0,2.0,1.0,1.0,5.0,2.0,380000.0,1.0
119.0,3.0,2.0,1.0,0.0,0.0,7.0,340000.0,0.0
107.0,2.0,2.0,1.0,1.0,6.0,6.0,430000.0,3.0
80.0,2.0,2.0,1.0,1.0,0.0,8.0,375000.0,3.0
190.0,3.0,3.0,0.0,0.0,6.0,9.0,590000.0,2.0
87.0,3.0,2.0,1.0,1.0,4.0,13.0,250000.0,0.0
99.0,2.0,2.0,0.0,1.0,0.0,13.0,233000.0,1.0
201.0,5.0,2.0,0.0,1.0,7.0,7.0,690000.0,3.0
70.0,2.0,2.0,1.0,0.0,3.0,1.0,169900.0,1.0
120.0,3.0,2.0,1.0,1.0,6.0,6.0,345000.0,2.0
70.0,2.0,2.0,1.0,0.0,7.0,1.0,170000.0,1.0
73.0,3.0,2.0,1.0,0.0,6.0,13.0,220000.0,0.0
121.0,3.0,2.0,1.0,1.0,0.0,6.0,380000.0,1.0
280.0,3.0,3.0,1.0,1.0,3.0,3.0,1000000.0,2.0
162.0,4.0,2.0,1.0,0.0,4.0,4.0,700000.0,2.0
69.0,2.0,2.0,1.0,1.0,4.0,5.0,350000.0,0.0
113.0,3.0,2.0,0.0,1.0,0.0,13.0,264000.0,1.0
70.0,2.0,2.0,1.0,0.0,7.0,1.0,170000.0,1.0
120.0,3.0,2.0,1.0,1.0,6.0,6.0,345000.0,2.0
69.0,2.0,2.0,1.0,1.0,4.0,5.0,350000.0,0.0
144.0,4.0,3.0,1.0,0.0,7.0,14.0,350000.0,1.0
99.0,2.0,2.0,0.0,1.0,0.0,13.0,233000.0,1.0
121.0,3.0,2.0,1.0,1.0,0.0,6.0,380000.0,1.0
200.0,2.0,3.0,1.0,1.0,3.0,9.0,980000.0,3.0
311.0,5.0,5.0,1.0,1.0,2.0,9.0,1800000.0,3.0
220.0,4.0,2.0,1.0,1.0,0.0,0.0,595000.0,2.0
112.0,3.0,2.0,0.0,1.0,0.0,15.0,273000.0,1.0
260.0,5.0,3.0,0.0,1.0,3.0,9.0,715000.0,3.0
93.0,2.0,2.0,1.0,1.0,3.0,4.0,194990.0,3.0
109.0,3.0,2.0,0.0,1.0,0.0,15.0,261000.0,1.0
80.0,3.0,2.0,1.0,0.0,3.0,14.0,149500.0,2.0
129.0,3.0,2.0,1.0,1.0,6.0,7.0,560000.0,0.0
109.0,3.0,2.0,0.0,1.0,0.0,15.0,248000.0,1.0
234.0,3.0,2.0,0.0,1.0,3.0,9.0,990000.0,3.0
283.0,4.0,3.0,1.0,1.0,3.0,9.0,850000.0,1.0
195.0,3.0,4.0,1.0,1.0,5.0,5.0,650000.0,2.0
158.0,5.0,2.0,1.0,0.0,0.0,8.0,275000.0,0.0
145.0,3.0,2.0,1.0,1.0,7.0,7.0,580000.0,0.0
190.0,3.0,3.0,1.0,1.0,2.0,3.0,850000.0,3.0
81.0,2.0,2.0,1.0,1.0,0.0,8.0,218000.0,0.0
383.0,5.0,5.0,1.0,1.0,3.0,9.0,2100000.0,3.0
181.0,3.0,2.0,0.0,0.0,7.0,5.0,520000.0,0.0
170.0,5.0,2.0,1.0,0.0,3.0,5.0,560000.0,1.0
196.0,3.0,2.0,1.0,1.0,2.0,9.0,1050000.0,3.0
127.0,3.0,2.0,1.0,1.0,7.0,12.0,240000.0,3.0
243.0,5.0,3.0,1.0,1.0,2.0,9.0,899500.0,3.0
188.0,6.0,3.0,1.0,1.0,6.0,0.0,555000.0,2.0
110.0,3.0,2.0,1.0,1.0,6.0,9.0,530000.0,1.0
142.0,3.0,2.0,1.0,0.0,0.0,10.0,225000.0,1.0
127.0,3.0,2.0,1.0,1.0,7.0,12.0,240000.0,3.0
265.0,5.0,3.0,0.0,1.0,0.0,12.0,430000.0,3.0
234.0,6.0,3.0,1.0,1.0,2.0,9.0,720000.0,3.0
135.0,4.0,2.0,1.0,0.0,6.0,10.0,249999.0,1.0
290.0,5.0,3.0,1.0,1.0,6.0,5.0,1495000.0,3.0
145.0,4.0,2.0,1.0,1.0,6.0,3.0,380000.0,2.0
122.0,4.0,2.0,1.0,1.0,3.0,8.0,294999.0,1.0
135.0,4.0,2.0,1.0,1.0,6.0,7.0,410000.0,0.0
79.0,2.0,2.0,1.0,0.0,7.0,5.0,225000.0,0.0
73.0,2.0,2.0,1.0,0.0,1.0,12.0,209000.0,2.0
139.0,3.0,2.0,1.0,1.0,0.0,0.0,340000.0,2.0
95.0,3.0,2.0,1.0,1.0,0.0,14.0,256000.0,0.0
170.0,5.0,2.0,1.0,0.0,3.0,5.0,560000.0,1.0
238.0,6.0,2.0,1.0,0.0,6.0,5.0,850000.0,1.0
196.0,3.0,2.0,1.0,1.0,2.0,9.0,1050000.0,3.0
278.0,6.0,4.0,1.0,1.0,6.0,6.0,750000.0,1.0
93.0,3.0,2.0,1.0,1.0,3.0,15.0,225000.0,1.0
70.0,3.0,2.0,1.0,0.0,0.0,11.0,175000.0,0.0
134.0,2.0,2.0,0.0,0.0,7.0,4.0,280000.0,0.0
108.0,4.0,2.0,1.0,1.0,0.0,8.0,180000.0,3.0
84.0,2.0,2.0,1.0,0.0,7.0,9.0,420000.0,1.0
111.0,3.0,2.0,1.0,1.0,3.0,3.0,475000.0,3.0
153.0,3.0,2.0,1.0,1.0,6.0,3.0,530000.0,2.0
102.0,3.0,2.0,1.0,0.0,5.0,13.0,290000.0,1.0
103.0,2.0,2.0,1.0,0.0,3.0,13.0,330000.0,0.0
84.0,2.0,2.0,1.0,0.0,7.0,9.0,420000.0,1.0
102.0,3.0,2.0,1.0,0.0,5.0,13.0,290000.0,1.0
271.0,5.0,3.0,1.0,1.0,3.0,9.0,825000.0,1.0
108.0,4.0,2.0,1.0,1.0,0.0,8.0,180000.0,3.0
103.0,2.0,2.0,1.0,0.0,3.0,13.0,330000.0,0.0
101.0,3.0,2.0,0.0,0.0,7.0,5.0,279000.0,1.0
102.0,4.0,2.0,0.0,0.0,7.0,12.0,137000.0,1.0
80.0,2.0,2.0,1.0,0.0,0.0,0.0,160000.0,0.0
87.0,2.0,2.0,1.0,1.0,2.0,15.0,315000.0,2.0
105.0,3.0,2.0,1.0,1.0,7.0,13.0,450000.0,2.0
120.0,4.0,2.0,1.0,0.0,7.0,10.0,220000.0,1.0
142.0,3.0,2.0,1.0,0.0,0.0,10.0,225000.0,1.0
156.0,4.0,2.0,1.0,1.0,5.0,9.0,770000.0,3.0
106.0,3.0,2.0,1.0,0.0,0.0,14.0,230000.0,1.0
100.0,4.0,2.0,0.0,0.0,4.0,13.0,179000.0,1.0
79.0,2.0,2.0,1.0,1.0,4.0,7.0,330000.0,1.0
110.0,4.0,2.0,1.0,1.0,3.0,14.0,243000.0,1.0
167.0,5.0,3.0,1.0,1.0,6.0,6.0,515000.0,3.0
92.0,3.0,2.0,1.0,0.0,0.0,10.0,146000.0,0.0
143.0,4.0,2.0,1.0,1.0,6.0,7.0,418000.0,0.0
106.0,3.0,2.0,1.0,0.0,7.0,14.0,230000.0,0.0
160.0,2.0,3.0,1.0,1.0,2.0,7.0,650000.0,0.0
79.0,3.0,2.0,1.0,1.0,0.0,3.0,159900.0,1.0
360.0,6.0,6.0,1.0,1.0,6.0,3.0,1575000.0,3.0
246.0,3.0,3.0,1.0,1.0,4.0,13.0,374900.0,3.0
160.0,2.0,3.0,1.0,1.0,2.0,7.0,650000.0,0.0
71.0,3.0,2.0,1.0,0.0,7.0,11.0,175000.0,1.0
119.0,3.0,2.0,1.0,1.0,1.0,11.0,430000.0,0.0
143.0,4.0,2.0,1.0,1.0,6.0,7.0,418000.0,0.0
128.0,3.0,2.0,0.0,0.0,0.0,3.0,159900.0,2.0
100.0,3.0,2.0,1.0,1.0,7.0,14.0,233000.0,1.0
70.0,2.0,2.0,1.0,1.0,7.0,3.0,260000.0,3.0
100.0,4.0,2.0,1.0,0.0,7.0,14.0,178000.0,1.0
235.0,5.0,3.0,1.0,1.0,3.0,5.0,850000.0,3.0
145.0,4.0,2.0,0.0,0.0,7.0,5.0,430000.0,1.0
158.0,2.0,2.0,1.0,1.0,3.0,5.0,775000.0,3.0
102.0,3.0,2.0,1.0,1.0,0.0,14.0,229000.0,1.0
80.0,2.0,2.0,1.0,0.0,0.0,0.0,160000.0,0.0
296.0,4.0,4.0,1.0,1.0,3.0,5.0,1009000.0,0.0
156.0,5.0,3.0,0.0,0.0,7.0,8.0,205000.0,0.0
246.0,4.0,5.0,1.0,1.0,3.0,9.0,1290000.0,3.0
96.0,3.0,2.0,1.0,0.0,0.0,4.0,215000.0,2.0
210.0,7.0,2.0,1.0,0.0,7.0,5.0,650000.0,0.0
181.0,5.0,2.0,0.0,1.0,3.0,5.0,730000.0,1.0
59.0,2.0,2.0,0.0,0.0,3.0,9.0,220000.0,2.0
100.0,3.0,2.0,1.0,1.0,3.0,1.0,175000.0,3.0
68.0,2.0,2.0,1.0,1.0,4.0,5.0,300000.0,3.0
152.0,4.0,2.0,1.0,0.0,0.0,6.0,398000.0,0.0
70.0,2.0,2.0,1.0,0.0,7.0,3.0,175000.0,3.0
129.0,3.0,2.0,1.0,1.0,3.0,13.0,305000.0,0.0
143.0,3.0,2.0,0.0,0.0,0.0,15.0,282000.0,0.0
135.0,3.0,2.0,1.0,0.0,6.0,7.0,410000.0,0.0
70.0,2.0,2.0,1.0,0.0,7.0,3.0,175000.0,3.0
80.0,2.0,2.0,1.0,0.0,7.0,10.0,145000.0,1.0
143.0,3.0,2.0,0.0,0.0,0.0,15.0,282000.0,0.0
115.0,2.0,2.0,1.0,1.0,7.0,9.0,419000.0,0.0
390.0,6.0,5.0,0.0,1.0,6.0,6.0,1300000.0,3.0
135.0,3.0,2.0,1.0,0.0,6.0,7.0,410000.0,0.0
89.0,3.0,2.0,1.0,1.0,7.0,15.0,139000.0,1.0
133.0,4.0,2.0,0.0,0.0,0.0,15.0,310000.0,0.0
358.0,5.0,4.0,1.0,1.0,3.0,6.0,1700000.0,3.0
158.0,3.0,2.0,0.0,1.0,6.0,5.0,490000.0,1.0
85.0,2.0,2.0,1.0,1.0,4.0,15.0,168000.0,1.0
457.0,5.0,2.0,1.0,1.0,3.0,9.0,3200000.0,3.0
150.0,2.0,3.0,1.0,1.0,7.0,7.0,670000.0,2.0
99.0,2.0,2.0,1.0,1.0,6.0,5.0,399000.0,3.0
70.0,3.0,2.0,1.0,0.0,7.0,7.0,220000.0,2.0
78.0,3.0,2.0,1.0,0.0,0.0,9.0,400000.0,1.0
263.0,4.0,3.0,1.0,1.0,5.0,5.0,900000.0,3.0
150.0,3.0,2.0,1.0,1.0,7.0,13.0,480000.0,1.0
107.0,4.0,2.0,1.0,1.0,0.0,14.0,230000.0,1.0
239.0,3.0,4.0,1.0,1.0,7.0,11.0,880000.0,2.0
83.0,3.0,2.0,1.0,0.0,4.0,3.0,299000.0,3.0
182.0,5.0,2.0,1.0,1.0,2.0,4.0,550000.0,1.0
140.0,3.0,2.0,1.0,1.0,6.0,5.0,485000.0,1.0
85.0,3.0,2.0,1.0,0.0,0.0,10.0,187000.0,0.0
140.0,4.0,2.0,0.0,0.0,0.0,14.0,360000.0,2.0
112.0,3.0,2.0,0.0,0.0,0.0,14.0,330000.0,2.0
139.0,4.0,2.0,1.0,0.0,7.0,9.0,350000.0,3.0
188.0,3.0,2.0,1.0,1.0,3.0,5.0,650000.0,2.0
200.0,4.0,2.0,0.0,1.0,0.0,7.0,404000.0,3.0
118.0,4.0,2.0,0.0,1.0,7.0,11.0,320000.0,1.0
128.0,4.0,2.0,0.0,1.0,0.0,1.0,474000.0,2.0
70.0,3.0,2.0,1.0,0.0,4.0,11.0,175000.0,2.0
69.0,2.0,2.0,1.0,1.0,7.0,13.0,190000.0,0.0
188.0,3.0,2.0,1.0,1.0,3.0,5.0,650000.0,2.0
342.0,7.0,3.0,0.0,1.0,6.0,5.0,765000.0,0.0
82.0,3.0,2.0,1.0,1.0,3.0,0.0,240000.0,1.0
90.0,3.0,2.0,1.0,1.0,7.0,13.0,210000.0,0.0
132.0,3.0,2.0,0.0,1.0,0.0,1.0,483000.0,2.0
111.0,2.0,2.0,1.0,0.0,4.0,5.0,320000.0,0.0
94.0,3.0,2.0,1.0,1.0,7.0,13.0,285000.0,0.0
120.0,3.0,2.0,0.0,1.0,0.0,1.0,463000.0,2.0
66.0,2.0,2.0,1.0,0.0,0.0,10.0,100000.0,2.0
90.0,3.0,2.0,1.0,1.0,4.0,13.0,240000.0,1.0
134.0,4.0,2.0,1.0,1.0,2.0,1.0,577000.0,3.0
196.0,4.0,3.0,1.0,0.0,6.0,9.0,820000.0,1.0
126.0,3.0,2.0,1.0,0.0,0.0,3.0,500000.0,2.0
85.0,2.0,2.0,1.0,1.0,0.0,11.0,215000.0,2.0
140.0,4.0,2.0,0.0,1.0,7.0,11.0,320000.0,3.0
145.0,4.0,2.0,1.0,0.0,0.0,7.0,380000.0,1.0
158.0,2.0,2.0,1.0,1.0,1.0,5.0,710000.0,1.0
85.0,2.0,2.0,1.0,1.0,0.0,1.0,215000.0,2.0
200.0,4.0,3.0,1.0,0.0,7.0,5.0,580000.0,2.0
190.0,6.0,3.0,1.0,1.0,0.0,9.0,590000.0,1.0
121.0,4.0,2.0,1.0,0.0,0.0,3.0,270000.0,3.0
90.0,3.0,2.0,1.0,1.0,4.0,13.0,240000.0,1.0
152.0,5.0,2.0,0.0,1.0,0.0,9.0,380000.0,0.0
76.0,2.0,2.0,1.0,1.0,4.0,13.0,199000.0,2.0
158.0,4.0,3.0,1.0,0.0,0.0,14.0,785000.0,2.0
115.0,4.0,2.0,1.0,1.0,0.0,3.0,275000.0,3.0
120.0,4.0,2.0,0.0,0.0,6.0,6.0,250000.0,3.0
75.0,3.0,2.0,1.0,0.0,6.0,3.0,179000.0,0.0
104.0,3.0,2.0,1.0,1.0,0.0,14.0,270000.0,2.0
76.0,2.0,2.0,1.0,1.0,4.0,13.0,209000.0,1.0
130.0,3.0,2.0,1.0,1.0,2.0,0.0,270000.0,1.0
138.0,3.0,2.0,0.0,1.0,4.0,7.0,449000.0,1.0
125.0,4.0,4.0,1.0,1.0,1.0,3.0,680000.0,0.0
210.0,4.0,2.0,1.0,0.0,6.0,13.0,309000.0,3.0
95.0,4.0,2.0,0.0,0.0,0.0,14.0,230000.0,0.0
170.0,5.0,3.0,0.0,1.0,0.0,9.0,910000.0,3.0
131.0,3.0,2.0,1.0,0.0,7.0,14.0,247000.0,1.0
101.0,3.0,3.0,1.0,1.0,7.0,14.0,310000.0,1.0
125.0,4.0,2.0,1.0,0.0,7.0,12.0,362000.0,2.0
165.0,4.0,2.0,1.0,1.0,7.0,4.0,599000.0,3.0
117.0,4.0,2.0,1.0,0.0,7.0,8.0,285000.0,3.0
154.0,3.0,2.0,1.0,1.0,7.0,13.0,386000.0,1.0
264.0,8.0,4.0,1.0,1.0,5.0,5.0,580000.0,2.0
163.0,4.0,2.0,0.0,1.0,0.0,9.0,440000.0,3.0
95.0,3.0,2.0,1.0,1.0,7.0,10.0,195000.0,3.0
97.0,2.0,2.0,1.0,1.0,3.0,5.0,340000.0,0.0
85.0,3.0,2.0,1.0,1.0,7.0,5.0,295000.0,1.0
65.0,3.0,2.0,1.0,0.0,7.0,1.0,135000.0,1.0
118.0,5.0,2.0,1.0,1.0,7.0,13.0,320000.0,1.0
132.0,4.0,2.0,0.0,0.0,0.0,0.0,293000.0,3.0
130.0,2.0,2.0,1.0,0.0,0.0,9.0,385000.0,0.0
118.0,5.0,2.0,1.0,1.0,7.0,13.0,320000.0,1.0
65.0,3.0,2.0,1.0,0.0,7.0,1.0,135000.0,1.0
125.0,2.0,2.0,1.0,1.0,6.0,4.0,340000.0,2.0
129.0,3.0,2.0,0.0,1.0,0.0,9.0,349000.0,1.0
95.0,3.0,2.0,1.0,0.0,0.0,7.0,366000.0,1.0
132.0,4.0,2.0,0.0,0.0,0.0,0.0,293000.0,3.0
295.0,3.0,2.0,1.0,1.0,2.0,14.0,690000.0,3.0
62.0,2.0,2.0,1.0,1.0,3.0,3.0,155000.0,0.0
120.0,3.0,2.0,1.0,1.0,6.0,11.0,495000.0,1.0
230.0,4.0,4.0,1.0,1.0,3.0,9.0,1260000.0,3.0
142.0,4.0,2.0,0.0,1.0,3.0,5.0,429990.0,0.0
68.0,3.0,2.0,1.0,0.0,7.0,15.0,159900.0,0.0
83.0,3.0,2.0,1.0,0.0,7.0,12.0,180000.0,3.0
139.0,4.0,2.0,1.0,0.0,5.0,4.0,349000.0,1.0
87.0,3.0,2.0,1.0,0.0,0.0,0.0,209000.0,1.0
165.0,3.0,3.0,1.0,0.0,3.0,14.0,499900.0,0.0
110.0,3.0,2.0,1.0,1.0,0.0,14.0,230000.0,1.0
106.0,4.0,2.0,1.0,0.0,0.0,0.0,290000.0,1.0
142.0,4.0,2.0,1.0,1.0,3.0,7.0,380000.0,1.0
211.0,3.0,2.0,0.0,0.0,0.0,14.0,280000.0,2.0
226.0,4.0,4.0,1.0,1.0,0.0,7.0,775000.0,1.0
153.0,3.0,2.0,1.0,0.0,7.0,5.0,560000.0,1.0
186.0,4.0,2.0,1.0,1.0,6.0,9.0,770000.0,2.0
87.0,3.0,2.0,0.0,0.0,7.0,0.0,173000.0,1.0
153.0,5.0,2.0,1.0,0.0,6.0,9.0,530000.0,0.0
196.0,3.0,2.0,1.0,1.0,0.0,1.0,445000.0,3.0
158.0,5.0,2.0,1.0,0.0,7.0,9.0,510000.0,0.0
87.0,3.0,2.0,0.0,0.0,7.0,0.0,173000.0,1.0
153.0,3.0,2.0,1.0,0.0,7.0,5.0,560000.0,1.0
153.0,5.0,2.0,1.0,0.0,6.0,9.0,530000.0,0.0
115.0,3.0,2.0,1.0,1.0,3.0,15.0,272800.0,1.0
135.0,3.0,2.0,1.0,0.0,7.0,11.0,239000.0,1.0
150.0,3.0,3.0,1.0,1.0,7.0,7.0,670000.0,2.0
102.0,3.0,2.0,1.0,1.0,4.0,5.0,375000.0,0.0
112.0,2.0,2.0,1.0,1.0,3.0,9.0,475000.0,1.0
120.0,4.0,2.0,1.0,0.0,0.0,12.0,335000.0,2.0
101.0,3.0,2.0,1.0,1.0,0.0,8.0,247000.0,0.0
132.0,4.0,2.0,1.0,0.0,7.0,9.0,580000.0,0.0
103.0,3.0,2.0,1.0,1.0,0.0,8.0,350000.0,3.0
173.0,4.0,3.0,1.0,1.0,6.0,5.0,520000.0,2.0
383.0,5.0,5.0,1.0,1.0,3.0,9.0,2100000.0,3.0
85.0,2.0,2.0,1.0,0.0,0.0,15.0,215000.0,2.0
102.0,2.0,2.0,0.0,1.0,6.0,9.0,575000.0,2.0
77.0,2.0,2.0,1.0,0.0,7.0,3.0,185000.0,2.0
107.0,2.0,2.0,1.0,1.0,1.0,3.0,465000.0,2.0
190.0,9.0,3.0,0.0,0.0,7.0,13.0,400000.0,3.0
42.0,2.0,2.0,1.0,0.0,0.0,5.0,195000.0,1.0
416.0,5.0,2.0,0.0,1.0,7.0,15.0,320000.0,2.0
80.0,3.0,2.0,1.0,1.0,0.0,4.0,300000.0,2.0
178.0,3.0,3.0,1.0,1.0,5.0,14.0,990000.0,2.0
109.0,3.0,2.0,1.0,1.0,0.0,6.0,340000.0,1.0
365.0,4.0,5.0,1.0,1.0,2.0,9.0,1325000.0,1.0
105.0,3.0,2.0,1.0,0.0,2.0,9.0,475000.0,3.0
147.0,6.0,2.0,1.0,0.0,3.0,7.0,390000.0,2.0
86.0,4.0,2.0,1.0,0.0,0.0,11.0,147000.0,1.0
178.0,3.0,3.0,1.0,1.0,5.0,14.0,990000.0,2.0
416.0,5.0,2.0,0.0,1.0,7.0,15.0,320000.0,2.0
107.0,2.0,2.0,1.0,1.0,1.0,3.0,465000.0,2.0
190.0,9.0,3.0,0.0,0.0,7.0,13.0,400000.0,3.0
147.0,3.0,2.0,1.0,1.0,6.0,13.0,350000.0,1.0
82.0,3.0,2.0,1.0,0.0,0.0,1.0,175000.0,2.0
279.0,9.0,2.0,1.0,0.0,7.0,8.0,350000.0,0.0
143.0,3.0,2.0,1.0,1.0,6.0,9.0,440000.0,2.0
98.0,2.0,2.0,1.0,1.0,6.0,8.0,143000.0,1.0
77.0,3.0,2.0,1.0,0.0,0.0,13.0,230000.0,3.0
183.0,3.0,2.0,0.0,0.0,0.0,14.0,500000.0,2.0
58.0,2.0,2.0,1.0,0.0,0.0,5.0,172000.0,1.0
68.0,3.0,2.0,1.0,0.0,0.0,15.0,143000.0,0.0
97.0,4.0,2.0,1.0,0.0,4.0,3.0,229000.0,1.0
101.0,4.0,2.0,1.0,1.0,4.0,3.0,320000.0,1.0
140.0,3.0,3.0,1.0,1.0,1.0,5.0,385000.0,1.0
135.0,3.0,2.0,1.0,1.0,1.0,8.0,320000.0,2.0
133.0,3.0,2.0,0.0,0.0,0.0,5.0,420000.0,0.0
260.0,5.0,4.0,1.0,0.0,3.0,6.0,978000.0,3.0
64.0,3.0,2.0,1.0,1.0,0.0,4.0,180000.0,0.0
226.0,3.0,4.0,1.0,1.0,7.0,11.0,880000.0,0.0
119.0,3.0,2.0,1.0,1.0,2.0,12.0,275000.0,3.0
145.0,4.0,2.0,1.0,1.0,6.0,5.0,430000.0,0.0
235.0,5.0,3.0,1.0,1.0,1.0,5.0,850000.0,0.0
430.0,6.0,2.0,0.0,1.0,7.0,13.0,1295000.0,3.0
265.0,9.0,5.0,0.0,1.0,7.0,5.0,650000.0,1.0
112.0,4.0,2.0,1.0,1.0,0.0,13.0,259000.0,0.0
67.0,3.0,2.0,1.0,0.0,7.0,5.0,230000.0,1.0
62.0,3.0,3.0,1.0,1.0,0.0,3.0,210000.0,2.0
403.0,6.0,4.0,1.0,0.0,3.0,13.0,850000.0,3.0
89.0,3.0,2.0,1.0,0.0,7.0,12.0,155000.0,0.0
95.0,2.0,2.0,1.0,1.0,3.0,7.0,430000.0,1.0
125.0,4.0,2.0,0.0,1.0,4.0,12.0,335000.0,0.0
73.0,2.0,2.0,1.0,1.0,3.0,12.0,210000.0,2.0
107.0,2.0,2.0,1.0,1.0,4.0,3.0,465000.0,3.0
187.0,3.0,4.0,1.0,1.0,5.0,5.0,1950000.0,3.0
143.0,4.0,2.0,1.0,0.0,0.0,3.0,352000.0,0.0
134.0,3.0,2.0,1.0,1.0,0.0,7.0,329000.0,1.0
384.0,5.0,6.0,1.0,0.0,6.0,5.0,1400000.0,3.0
370.0,6.0,3.0,1.0,0.0,7.0,5.0,650000.0,1.0
135.0,3.0,2.0,1.0,0.0,3.0,7.0,410000.0,0.0
130.0,4.0,2.0,1.0,1.0,6.0,4.0,427000.0,3.0
120.0,3.0,2.0,1.0,1.0,3.0,9.0,355000.0,0.0
161.0,5.0,2.0,0.0,0.0,0.0,0.0,330000.0,1.0
143.0,3.0,2.0,1.0,1.0,4.0,10.0,388000.0,2.0
265.0,7.0,3.0,1.0,0.0,7.0,5.0,640000.0,0.0
226.0,5.0,3.0,1.0,1.0,7.0,7.0,500000.0,3.0
102.0,2.0,2.0,1.0,1.0,0.0,5.0,320000.0,0.0
126.0,3.0,2.0,1.0,0.0,7.0,5.0,525000.0,1.0
63.0,2.0,2.0,1.0,0.0,7.0,5.0,129900.0,1.0
280.0,3.0,4.0,1.0,1.0,0.0,9.0,1200000.0,1.0
125.0,4.0,2.0,1.0,0.0,3.0,12.0,335000.0,2.0
82.0,3.0,2.0,0.0,0.0,0.0,14.0,125000.0,1.0
143.0,4.0,2.0,1.0,0.0,0.0,3.0,352000.0,0.0
73.0,2.0,2.0,1.0,1.0,3.0,12.0,210000.0,2.0
265.0,7.0,3.0,1.0,0.0,7.0,5.0,640000.0,0.0
67.0,3.0,2.0,1.0,0.0,7.0,5.0,230000.0,1.0
165.0,3.0,2.0,1.0,1.0,2.0,3.0,470000.0,3.0
107.0,2.0,2.0,1.0,1.0,3.0,6.0,430000.0,2.0
72.0,3.0,2.0,1.0,0.0,7.0,11.0,175000.0,0.0
125.0,3.0,2.0,1.0,1.0,0.0,10.0,189000.0,1.0
90.0,3.0,2.0,1.0,1.0,0.0,15.0,120000.0,1.0
92.0,2.0,2.0,1.0,0.0,3.0,14.0,380000.0,3.0
63.0,2.0,2.0,1.0,0.0,7.0,5.0,115000.0,1.0
140.0,3.0,2.0,1.0,1.0,3.0,5.0,2400000.0,2.0
205.0,5.0,3.0,0.0,1.0,3.0,9.0,650000.0,3.0
172.0,3.0,2.0,1.0,0.0,7.0,7.0,400000.0,2.0
208.0,3.0,2.0,1.0,1.0,6.0,5.0,980000.0,1.0
110.0,4.0,2.0,1.0,1.0,0.0,13.0,280000.0,1.0
87.0,3.0,2.0,1.0,0.0,3.0,0.0,270000.0,1.0
118.0,3.0,2.0,1.0,1.0,0.0,3.0,475000.0,1.0
68.0,3.0,3.0,1.0,0.0,3.0,3.0,210000.0,2.0
139.0,3.0,2.0,1.0,0.0,0.0,5.0,480000.0,0.0
82.0,3.0,2.0,0.0,0.0,7.0,8.0,125000.0,0.0
95.0,3.0,2.0,1.0,0.0,7.0,8.0,159000.0,1.0
100.0,3.0,2.0,1.0,0.0,7.0,4.0,248000.0,1.0
100.0,3.0,2.0,1.0,1.0,3.0,8.0,217500.0,0.0
283.0,4.0,3.0,1.0,1.0,5.0,9.0,850000.0,1.0
86.0,3.0,2.0,0.0,0.0,7.0,11.0,110000.0,0.0
64.0,3.0,2.0,1.0,0.0,0.0,13.0,210000.0,0.0
155.0,4.0,3.0,1.0,0.0,7.0,5.0,539900.0,3.0
188.0,4.0,3.0,1.0,1.0,0.0,5.0,445000.0,3.0
120.0,2.0,2.0,1.0,1.0,3.0,5.0,735000.0,2.0
86.0,3.0,2.0,0.0,0.0,7.0,11.0,110000.0,0.0
185.0,4.0,2.0,1.0,1.0,2.0,6.0,1300000.0,2.0
188.0,4.0,3.0,1.0,1.0,0.0,5.0,445000.0,3.0
81.0,2.0,2.0,1.0,0.0,4.0,1.0,156000.0,1.0
116.0,4.0,2.0,1.0,1.0,0.0,0.0,289000.0,1.0
127.0,4.0,2.0,1.0,0.0,0.0,3.0,380000.0,1.0
122.0,2.0,2.0,1.0,1.0,5.0,1.0,550000.0,3.0
103.0,3.0,2.0,1.0,0.0,0.0,0.0,250000.0,1.0
82.0,3.0,2.0,1.0,1.0,6.0,15.0,170000.0,0.0
132.0,4.0,2.0,0.0,1.0,0.0,0.0,293000.0,3.0
130.0,2.0,2.0,1.0,0.0,0.0,9.0,385000.0,0.0
159.0,3.0,2.0,0.0,0.0,0.0,1.0,450000.0,2.0
166.0,4.0,3.0,1.0,0.0,4.0,13.0,400000.0,2.0
156.0,4.0,2.0,1.0,1.0,5.0,9.0,770000.0,3.0
101.0,3.0,2.0,1.0,1.0,2.0,15.0,375000.0,2.0
143.0,4.0,2.0,1.0,1.0,6.0,3.0,335000.0,0.0
104.0,4.0,2.0,1.0,0.0,0.0,3.0,238000.0,3.0
95.0,3.0,2.0,1.0,1.0,0.0,10.0,175000.0,1.0
123.0,4.0,2.0,1.0,1.0,0.0,12.0,270000.0,1.0
218.0,4.0,4.0,1.0,1.0,3.0,6.0,1400000.0,0.0
68.0,3.0,3.0,1.0,0.0,0.0,0.0,210000.0,2.0
106.0,4.0,2.0,1.0,0.0,0.0,0.0,290000.0,1.0
55.0,3.0,2.0,1.0,1.0,3.0,8.0,310000.0,2.0
172.0,4.0,2.0,1.0,0.0,6.0,5.0,624900.0,1.0
158.0,3.0,2.0,1.0,1.0,6.0,5.0,650000.0,0.0
152.0,4.0,2.0,1.0,1.0,5.0,5.0,670000.0,1.0
79.0,2.0,2.0,1.0,1.0,2.0,9.0,450000.0,0.0
145.0,4.0,2.0,1.0,1.0,0.0,5.0,460000.0,0.0
136.0,4.0,2.0,1.0,0.0,3.0,5.0,429000.0,0.0
320.0,7.0,3.0,1.0,1.0,7.0,13.0,1000000.0,0.0
103.0,3.0,2.0,1.0,1.0,3.0,6.0,280000.0,0.0
111.0,2.0,2.0,1.0,0.0,7.0,3.0,390000.0,0.0
259.0,4.0,3.0,1.0,1.0,3.0,6.0,950000.0,3.0
157.0,3.0,2.0,1.0,1.0,6.0,4.0,475000.0,2.0
97.0,2.0,2.0,1.0,1.0,4.0,5.0,350000.0,0.0
108.0,2.0,2.0,1.0,1.0,7.0,9.0,350000.0,0.0
165.0,3.0,2.0,1.0,1.0,6.0,9.0,780150.0,3.0
216.0,4.0,3.0,1.0,1.0,6.0,9.0,990000.0,1.0
107.0,2.0,2.0,1.0,1.0,0.0,6.0,515000.0,1.0
350.0,5.0,3.0,1.0,1.0,4.0,7.0,900000.0,3.0
118.0,4.0,2.0,0.0,0.0,7.0,5.0,250000.0,1.0
181.0,4.0,2.0,1.0,1.0,7.0,5.0,420000.0,2.0
171.0,3.0,3.0,1.0,1.0,7.0,5.0,425000.0,0.0
138.0,3.0,2.0,1.0,1.0,7.0,6.0,390000.0,3.0
116.0,2.0,3.0,1.0,1.0,7.0,13.0,588000.0,3.0
88.0,3.0,2.0,0.0,0.0,0.0,5.0,229000.0,0.0
88.0,4.0,2.0,0.0,1.0,7.0,13.0,164900.0,0.0
103.0,3.0,2.0,1.0,1.0,0.0,7.0,390000.0,1.0
95.0,3.0,2.0,1.0,0.0,0.0,14.0,138000.0,1.0
118.0,3.0,2.0,1.0,1.0,1.0,12.0,275000.0,1.0
65.0,2.0,2.0,1.0,1.0,0.0,7.0,249000.0,0.0
100.0,3.0,2.0,1.0,1.0,3.0,11.0,176000.0,2.0
114.0,4.0,2.0,1.0,1.0,6.0,3.0,375000.0,0.0
72.0,4.0,2.0,1.0,0.0,7.0,8.0,163000.0,1.0
65.0,2.0,2.0,1.0,0.0,0.0,7.0,186000.0,1.0
108.0,3.0,2.0,1.0,1.0,7.0,9.0,360000.0,1.0
130.0,4.0,3.0,1.0,1.0,0.0,4.0,430000.0,0.0
155.0,4.0,2.0,1.0,0.0,0.0,3.0,380000.0,3.0
100.0,3.0,2.0,1.0,1.0,3.0,11.0,176000.0,2.0
115.0,4.0,2.0,1.0,1.0,3.0,4.0,224000.0,1.0
132.0,4.0,2.0,1.0,0.0,0.0,0.0,293000.0,3.0
140.0,4.0,2.0,1.0,1.0,0.0,11.0,320000.0,3.0
72.0,4.0,2.0,1.0,0.0,7.0,8.0,163000.0,1.0
70.0,3.0,2.0,1.0,1.0,3.0,15.0,162000.0,1.0
143.0,4.0,2.0,1.0,0.0,0.0,3.0,352000.0,0.0
101.0,3.0,2.0,0.0,1.0,0.0,14.0,259000.0,3.0
80.0,3.0,2.0,1.0,1.0,0.0,11.0,240000.0,2.0
114.0,2.0,2.0,1.0,1.0,3.0,5.0,430000.0,0.0
273.0,4.0,4.0,1.0,1.0,5.0,3.0,1250000.0,3.0
130.0,2.0,2.0,1.0,0.0,0.0,9.0,385000.0,0.0
114.0,4.0,2.0,1.0,1.0,6.0,3.0,375000.0,0.0
85.0,2.0,2.0,1.0,1.0,0.0,15.0,215000.0,2.0
108.0,4.0,2.0,1.0,1.0,4.0,6.0,420000.0,2.0
94.0,4.0,2.0,1.0,1.0,7.0,10.0,195000.0,1.0
91.0,3.0,2.0,1.0,1.0,3.0,7.0,195000.0,1.0
165.0,3.0,2.0,1.0,1.0,2.0,9.0,760000.0,0.0
106.0,4.0,2.0,1.0,1.0,0.0,4.0,294000.0,2.0
163.0,4.0,3.0,1.0,1.0,5.0,5.0,935000.0,2.0
152.0,5.0,2.0,0.0,0.0,7.0,9.0,399000.0,1.0
71.0,3.0,2.0,1.0,1.0,0.0,15.0,159900.0,3.0
70.0,2.0,2.0,0.0,0.0,0.0,15.0,165000.0,1.0
163.0,4.0,3.0,1.0,1.0,5.0,5.0,935000.0,2.0
152.0,5.0,2.0,0.0,0.0,7.0,9.0,399000.0,1.0
165.0,3.0,2.0,1.0,1.0,2.0,9.0,760000.0,0.0
91.0,3.0,2.0,1.0,1.0,3.0,7.0,195000.0,1.0
179.0,4.0,2.0,1.0,1.0,0.0,7.0,395000.0,1.0
107.0,3.0,2.0,1.0,1.0,0.0,12.0,275000.0,1.0
94.0,4.0,2.0,1.0,1.0,7.0,10.0,195000.0,1.0
70.0,2.0,2.0,0.0,0.0,0.0,15.0,165000.0,1.0
129.0,4.0,2.0,1.0,1.0,0.0,7.0,320000.0,1.0
71.0,3.0,2.0,1.0,1.0,0.0,15.0,159900.0,3.0
88.0,3.0,2.0,1.0,1.0,0.0,13.0,190000.0,0.0
97.0,3.0,2.0,1.0,0.0,7.0,14.0,249000.0,3.0
91.0,3.0,2.0,1.0,0.0,3.0,7.0,209000.0,0.0
84.0,3.0,2.0,1.0,0.0,3.0,14.0,215000.0,0.0
99.0,3.0,2.0,0.0,0.0,0.0,14.0,231986.0,1.0
78.0,2.0,2.0,1.0,0.0,7.0,3.0,164900.0,2.0
120.0,4.0,2.0,1.0,1.0,0.0,12.0,207000.0,1.0
124.0,4.0,3.0,1.0,0.0,7.0,4.0,430000.0,3.0
96.0,2.0,2.0,1.0,0.0,7.0,12.0,183000.0,3.0
110.0,3.0,2.0,1.0,1.0,7.0,0.0,315000.0,1.0
131.0,4.0,2.0,1.0,1.0,6.0,9.0,530000.0,2.0
135.0,3.0,2.0,1.0,0.0,0.0,7.0,410000.0,0.0
109.0,3.0,2.0,1.0,0.0,3.0,3.0,305000.0,1.0
90.0,3.0,2.0,1.0,1.0,0.0,13.0,188000.0,0.0
87.0,2.0,2.0,1.0,1.0,2.0,5.0,450000.0,2.0
87.0,2.0,2.0,1.0,1.0,0.0,8.0,270000.0,3.0
129.0,3.0,2.0,1.0,1.0,3.0,13.0,305000.0,0.0
193.0,4.0,2.0,1.0,1.0,6.0,3.0,850000.0,3.0
110.0,3.0,2.0,1.0,1.0,3.0,8.0,450000.0,3.0
132.0,3.0,2.0,1.0,1.0,3.0,3.0,355000.0,0.0
82.0,2.0,2.0,1.0,1.0,2.0,11.0,235000.0,0.0
142.0,4.0,2.0,1.0,1.0,3.0,3.0,380000.0,3.0
139.0,4.0,3.0,1.0,1.0,7.0,2.0,415000.0,3.0
155.0,4.0,2.0,1.0,1.0,3.0,3.0,380000.0,3.0
90.0,3.0,2.0,1.0,0.0,0.0,15.0,155000.0,1.0
120.0,5.0,4.0,0.0,1.0,0.0,9.0,339000.0,0.0
147.0,3.0,2.0,1.0,1.0,2.0,3.0,550000.0,3.0
109.0,4.0,2.0,1.0,1.0,7.0,12.0,167000.0,1.0
125.0,4.0,2.0,1.0,1.0,0.0,12.0,364000.0,2.0
76.0,2.0,2.0,1.0,0.0,3.0,3.0,170000.0,2.0
70.0,4.0,4.0,1.0,0.0,7.0,3.0,240000.0,0.0
76.0,2.0,2.0,1.0,1.0,7.0,12.0,130000.0,1.0
62.0,3.0,3.0,1.0,0.0,7.0,3.0,218000.0,2.0
120.0,3.0,2.0,1.0,1.0,0.0,3.0,364000.0,2.0
92.0,2.0,2.0,1.0,1.0,3.0,14.0,389000.0,2.0
139.0,3.0,2.0,1.0,1.0,0.0,5.0,650000.0,0.0
103.0,3.0,2.0,1.0,0.0,0.0,0.0,250000.0,1.0
107.0,4.0,2.0,1.0,0.0,4.0,13.0,190000.0,0.0
175.0,4.0,2.0,0.0,1.0,3.0,7.0,380000.0,1.0
133.0,4.0,2.0,1.0,1.0,0.0,12.0,335000.0,3.0
282.0,6.0,6.0,0.0,0.0,7.0,10.0,220000.0,2.0
110.0,3.0,2.0,1.0,1.0,0.0,4.0,335000.0,2.0
107.0,3.0,2.0,1.0,1.0,7.0,0.0,280000.0,1.0
100.0,4.0,2.0,1.0,1.0,3.0,14.0,210000.0,1.0
125.0,4.0,2.0,1.0,1.0,0.0,15.0,228000.0,0.0
106.0,3.0,2.0,1.0,0.0,0.0,1.0,204900.0,2.0
147.0,3.0,2.0,1.0,1.0,2.0,3.0,550000.0,3.0
88.0,5.0,5.0,1.0,0.0,7.0,0.0,240000.0,0.0
223.0,3.0,3.0,1.0,1.0,2.0,5.0,780000.0,1.0
120.0,4.0,2.0,0.0,1.0,0.0,12.0,211000.0,1.0
146.0,3.0,2.0,1.0,1.0,4.0,12.0,365000.0,0.0
205.0,5.0,3.0,0.0,1.0,6.0,9.0,650000.0,3.0
290.0,6.0,3.0,1.0,1.0,0.0,5.0,750000.0,3.0
72.0,2.0,2.0,1.0,0.0,0.0,1.0,200000.0,1.0
315.0,6.0,3.0,1.0,1.0,4.0,6.0,1095000.0,3.0
83.0,2.0,2.0,1.0,0.0,4.0,13.0,260000.0,2.0
162.0,3.0,2.0,1.0,0.0,0.0,13.0,1000000.0,0.0
126.0,4.0,2.0,1.0,0.0,0.0,14.0,330000.0,3.0
143.0,4.0,2.0,1.0,1.0,4.0,14.0,640000.0,2.0
110.0,4.0,2.0,1.0,0.0,0.0,5.0,269000.0,0.0
77.0,3.0,2.0,0.0,0.0,0.0,0.0,99000.0,0.0
62.0,3.0,2.0,1.0,0.0,4.0,13.0,250000.0,2.0
136.0,4.0,2.0,0.0,0.0,0.0,5.0,430000.0,0.0
100.0,4.0,2.0,1.0,0.0,3.0,1.0,185000.0,1.0
124.0,4.0,2.0,1.0,1.0,0.0,4.0,291000.0,0.0
132.0,4.0,2.0,1.0,1.0,3.0,1.0,310000.0,0.0
161.0,5.0,2.0,1.0,0.0,0.0,0.0,320000.0,2.0
75.0,3.0,2.0,0.0,0.0,0.0,15.0,79900.0,1.0
95.0,3.0,2.0,1.0,1.0,0.0,14.0,210000.0,2.0
95.0,3.0,2.0,1.0,1.0,0.0,14.0,220000.0,0.0
73.0,3.0,2.0,1.0,0.0,3.0,0.0,165000.0,0.0
82.0,3.0,2.0,1.0,1.0,0.0,3.0,229000.0,0.0
154.0,4.0,2.0,1.0,1.0,5.0,7.0,420000.0,0.0
130.0,3.0,2.0,1.0,1.0,1.0,9.0,550000.0,0.0
64.0,3.0,2.0,1.0,1.0,6.0,13.0,210000.0,0.0
130.0,3.0,2.0,1.0,1.0,1.0,9.0,550000.0,0.0
162.0,3.0,2.0,1.0,1.0,6.0,9.0,775000.0,1.0
124.0,4.0,2.0,1.0,1.0,0.0,4.0,291000.0,0.0
144.0,4.0,3.0,1.0,1.0,0.0,14.0,350000.0,2.0
95.0,3.0,2.0,1.0,1.0,0.0,14.0,210000.0,2.0
95.0,3.0,2.0,1.0,1.0,0.0,14.0,220000.0,0.0
365.0,4.0,5.0,1.0,1.0,6.0,9.0,1325000.0,2.0
64.0,3.0,2.0,1.0,0.0,4.0,13.0,170000.0,0.0
71.0,3.0,2.0,1.0,0.0,0.0,11.0,175000.0,0.0
171.0,5.0,2.0,0.0,0.0,0.0,0.0,330000.0,2.0
64.0,3.0,2.0,1.0,1.0,6.0,13.0,210000.0,0.0
99.0,3.0,2.0,0.0,0.0,0.0,14.0,231031.0,1.0
56.0,2.0,2.0,1.0,0.0,3.0,14.0,180000.0,2.0
132.0,4.0,2.0,1.0,1.0,3.0,1.0,310000.0,0.0
200.0,10.0,2.0,0.0,1.0,0.0,5.0,650000.0,0.0
152.0,4.0,2.0,0.0,0.0,0.0,9.0,400000.0,0.0
146.0,3.0,2.0,1.0,1.0,6.0,15.0,599000.0,2.0
68.0,3.0,2.0,1.0,1.0,3.0,13.0,129000.0,1.0
130.0,3.0,2.0,0.0,1.0,6.0,9.0,385000.0,1.0
70.0,3.0,2.0,1.0,0.0,3.0,11.0,175000.0,2.0
63.0,2.0,2.0,1.0,1.0,4.0,4.0,325000.0,1.0
73.0,2.0,2.0,1.0,1.0,3.0,10.0,210000.0,2.0
140.0,4.0,2.0,1.0,1.0,7.0,11.0,320000.0,1.0
105.0,3.0,2.0,1.0,1.0,3.0,2.0,272000.0,3.0
246.0,4.0,3.0,1.0,1.0,3.0,9.0,1290000.0,1.0
117.0,3.0,3.0,1.0,1.0,4.0,3.0,364000.0,1.0
79.0,3.0,2.0,1.0,0.0,0.0,7.0,280000.0,3.0
140.0,4.0,2.0,1.0,1.0,7.0,11.0,320000.0,1.0
90.0,3.0,2.0,1.0,1.0,3.0,13.0,168000.0,0.0
117.0,3.0,3.0,1.0,1.0,4.0,3.0,364000.0,1.0
104.0,3.0,2.0,1.0,0.0,0.0,11.0,285000.0,0.0
63.0,2.0,2.0,1.0,1.0,4.0,4.0,325000.0,1.0
80.0,3.0,2.0,1.0,0.0,0.0,11.0,240000.0,2.0
83.0,2.0,2.0,0.0,1.0,2.0,8.0,255500.0,1.0
250.0,3.0,3.0,1.0,0.0,7.0,3.0,990000.0,2.0
120.0,2.0,2.0,1.0,0.0,7.0,7.0,370000.0,0.0
167.0,3.0,2.0,1.0,1.0,0.0,12.0,380000.0,1.0
100.0,2.0,2.0,1.0,1.0,7.0,4.0,465000.0,3.0
121.0,3.0,2.0,1.0,1.0,1.0,11.0,220000.0,3.0
90.0,3.0,3.0,1.0,1.0,7.0,11.0,160000.0,1.0
203.0,3.0,3.0,1.0,1.0,6.0,9.0,820150.0,2.0
215.0,5.0,3.0,1.0,1.0,6.0,5.0,690000.0,3.0
125.0,5.0,3.0,1.0,1.0,3.0,12.0,364000.0,2.0
235.0,4.0,4.0,1.0,1.0,3.0,9.0,1650000.0,0.0
100.0,2.0,2.0,1.0,1.0,2.0,5.0,440000.0,1.0
189.0,4.0,2.0,1.0,1.0,6.0,5.0,700000.0,3.0
162.0,3.0,2.0,1.0,0.0,4.0,1.0,270000.0,0.0
288.0,6.0,3.0,1.0,1.0,6.0,5.0,850160.0,2.0
169.0,4.0,2.0,1.0,1.0,0.0,6.0,769500.0,0.0
215.0,5.0,3.0,1.0,1.0,6.0,5.0,690000.0,3.0
103.0,3.0,2.0,1.0,0.0,0.0,0.0,250000.0,1.0
141.0,5.0,2.0,1.0,1.0,4.0,9.0,450000.0,0.0
75.0,3.0,2.0,0.0,1.0,0.0,13.0,179000.0,1.0
288.0,6.0,3.0,1.0,1.0,6.0,5.0,850160.0,2.0
235.0,4.0,4.0,1.0,1.0,3.0,9.0,1650000.0,0.0
162.0,3.0,2.0,1.0,0.0,4.0,1.0,270000.0,0.0
88.0,3.0,2.0,1.0,1.0,1.0,5.0,335000.0,0.0
169.0,4.0,2.0,1.0,1.0,0.0,6.0,769500.0,0.0
189.0,4.0,2.0,1.0,1.0,6.0,5.0,700000.0,3.0
220.0,4.0,2.0,1.0,1.0,6.0,9.0,990000.0,2.0
122.0,3.0,2.0,1.0,1.0,4.0,3.0,364000.0,3.0
144.0,4.0,2.0,1.0,1.0,7.0,14.0,265000.0,3.0
80.0,2.0,2.0,1.0,1.0,1.0,9.0,325000.0,0.0
249.0,6.0,3.0,1.0,1.0,0.0,5.0,1200000.0,2.0
250.0,4.0,3.0,1.0,1.0,6.0,4.0,795000.0,2.0
250.0,4.0,2.0,1.0,1.0,6.0,9.0,1200000.0,2.0
70.0,3.0,2.0,1.0,0.0,0.0,14.0,179900.0,0.0
220.0,4.0,2.0,1.0,0.0,6.0,9.0,990000.0,2.0
74.0,2.0,2.0,1.0,0.0,0.0,1.0,155000.0,0.0
122.0,3.0,2.0,1.0,1.0,7.0,3.0,625000.0,0.0
110.0,4.0,2.0,1.0,1.0,0.0,15.0,225000.0,0.0
130.0,3.0,2.0,1.0,1.0,0.0,9.0,950000.0,2.0
85.0,2.0,2.0,1.0,1.0,0.0,13.0,245000.0,2.0
120.0,3.0,2.0,1.0,1.0,3.0,9.0,700000.0,2.0
307.0,3.0,3.0,1.0,1.0,6.0,3.0,850000.0,3.0
69.0,3.0,2.0,1.0,0.0,7.0,11.0,239900.0,2.0
251.0,6.0,4.0,0.0,0.0,7.0,5.0,600000.0,0.0
164.0,2.0,2.0,1.0,1.0,1.0,5.0,915000.0,1.0
226.0,3.0,3.0,1.0,1.0,3.0,9.0,1095000.0,3.0
77.0,2.0,2.0,1.0,1.0,2.0,11.0,220000.0,2.0
87.0,3.0,2.0,1.0,1.0,0.0,13.0,199000.0,0.0
105.0,3.0,2.0,1.0,1.0,4.0,4.0,297500.0,0.0
158.0,3.0,2.0,1.0,0.0,7.0,13.0,380000.0,2.0
85.0,2.0,2.0,1.0,1.0,0.0,13.0,245000.0,2.0
112.0,3.0,2.0,1.0,1.0,6.0,4.0,525000.0,3.0
120.0,3.0,2.0,1.0,1.0,3.0,9.0,700000.0,2.0
141.0,4.0,2.0,1.0,1.0,0.0,6.0,365000.0,3.0
74.0,2.0,2.0,1.0,1.0,0.0,9.0,336000.0,1.0
92.0,4.0,2.0,1.0,1.0,4.0,14.0,240000.0,0.0
70.0,3.0,2.0,1.0,1.0,0.0,11.0,175000.0,0.0
99.0,4.0,2.0,1.0,0.0,3.0,11.0,196000.0,1.0
116.0,4.0,2.0,1.0,0.0,0.0,0.0,289000.0,1.0
124.0,3.0,2.0,1.0,1.0,0.0,12.0,330000.0,2.0
80.0,2.0,2.0,1.0,1.0,3.0,9.0,235000.0,1.0
200.0,6.0,2.0,1.0,1.0,0.0,7.0,500000.0,2.0
108.0,3.0,2.0,1.0,1.0,0.0,0.0,300000.0,3.0
90.0,3.0,2.0,1.0,0.0,0.0,0.0,270000.0,1.0
102.0,4.0,2.0,0.0,0.0,3.0,12.0,195000.0,0.0
50.0,2.0,2.0,1.0,0.0,0.0,0.0,160000.0,0.0
92.0,3.0,2.0,1.0,1.0,7.0,14.0,180000.0,0.0
80.0,2.0,2.0,1.0,1.0,3.0,9.0,235000.0,1.0
102.0,4.0,2.0,0.0,0.0,3.0,12.0,195000.0,0.0
116.0,4.0,2.0,1.0,0.0,0.0,0.0,289000.0,1.0
90.0,3.0,2.0,1.0,0.0,0.0,0.0,270000.0,1.0
295.0,5.0,3.0,1.0,0.0,7.0,1.0,750000.0,2.0
105.0,4.0,2.0,1.0,1.0,0.0,14.0,198000.0,0.0
64.0,2.0,2.0,1.0,0.0,0.0,11.0,159500.0,0.0
50.0,2.0,2.0,1.0,0.0,0.0,0.0,160000.0,0.0
200.0,6.0,2.0,1.0,1.0,0.0,7.0,500000.0,2.0
85.0,4.0,2.0,1.0,0.0,7.0,3.0,260000.0,0.0
119.0,3.0,2.0,1.0,1.0,4.0,11.0,350000.0,1.0
92.0,3.0,2.0,1.0,0.0,4.0,13.0,330000.0,0.0
97.0,3.0,2.0,0.0,1.0,7.0,10.0,193000.0,1.0
116.0,3.0,2.0,1.0,0.0,0.0,7.0,339000.0,0.0
99.0,3.0,2.0,1.0,0.0,0.0,13.0,350000.0,2.0
270.0,5.0,3.0,1.0,1.0,5.0,5.0,870000.0,3.0
100.0,3.0,2.0,1.0,1.0,2.0,6.0,420000.0,3.0
76.0,3.0,2.0,1.0,1.0,4.0,14.0,185000.0,1.0
93.0,3.0,2.0,1.0,0.0,0.0,13.0,220000.0,2.0
95.0,4.0,2.0,1.0,1.0,1.0,8.0,187500.0,1.0
86.0,3.0,2.0,1.0,0.0,3.0,1.0,175000.0,1.0
195.0,4.0,2.0,1.0,1.0,6.0,7.0,490000.0,2.0
90.0,2.0,2.0,1.0,1.0,3.0,12.0,290000.0,3.0
63.0,2.0,2.0,0.0,0.0,7.0,13.0,50000.0,0.0
100.0,4.0,2.0,1.0,0.0,0.0,1.0,169000.0,1.0
117.0,4.0,2.0,1.0,0.0,4.0,13.0,225000.0,2.0
90.0,2.0,3.0,1.0,0.0,0.0,14.0,252000.0,3.0
150.0,3.0,2.0,1.0,1.0,1.0,4.0,795000.0,3.0
90.0,2.0,3.0,1.0,0.0,0.0,14.0,252000.0,3.0
150.0,3.0,2.0,1.0,1.0,1.0,4.0,795000.0,3.0
101.0,3.0,2.0,1.0,0.0,3.0,0.0,227000.0,1.0
124.0,3.0,2.0,1.0,1.0,5.0,9.0,440000.0,1.0
99.0,2.0,2.0,1.0,0.0,0.0,12.0,182000.0,1.0
80.0,2.0,2.0,1.0,0.0,0.0,10.0,145000.0,1.0
150.0,5.0,3.0,1.0,1.0,6.0,11.0,410000.0,2.0
89.0,3.0,2.0,0.0,0.0,0.0,4.0,208000.0,2.0
250.0,4.0,3.0,1.0,1.0,3.0,9.0,1290000.0,3.0
136.0,4.0,2.0,0.0,0.0,0.0,5.0,430000.0,0.0
192.0,6.0,2.0,0.0,1.0,0.0,14.0,320000.0,3.0
150.0,5.0,2.0,1.0,1.0,0.0,10.0,445000.0,0.0
120.0,5.0,2.0,1.0,1.0,6.0,7.0,545000.0,2.0
70.0,3.0,2.0,1.0,0.0,7.0,13.0,156000.0,1.0
98.0,3.0,2.0,1.0,1.0,2.0,12.0,224000.0,2.0
113.0,4.0,2.0,0.0,0.0,0.0,15.0,210000.0,1.0
77.0,4.0,2.0,1.0,0.0,0.0,10.0,100000.0,0.0
90.0,3.0,2.0,1.0,0.0,7.0,13.0,250000.0,3.0
170.0,3.0,3.0,1.0,0.0,7.0,3.0,549000.0,2.0
110.0,2.0,2.0,1.0,1.0,3.0,9.0,480000.0,0.0
101.0,4.0,2.0,0.0,1.0,7.0,7.0,299760.0,3.0
94.0,3.0,2.0,1.0,0.0,0.0,14.0,249000.0,2.0
101.0,2.0,2.0,1.0,1.0,7.0,5.0,298900.0,0.0
110.0,4.0,2.0,1.0,1.0,7.0,1.0,195000.0,3.0
170.0,4.0,3.0,1.0,1.0,6.0,9.0,850000.0,1.0
108.0,4.0,2.0,0.0,0.0,0.0,14.0,170000.0,3.0
182.0,6.0,2.0,1.0,0.0,0.0,14.0,320000.0,2.0
146.0,4.0,3.0,1.0,1.0,0.0,13.0,559000.0,3.0
120.0,3.0,2.0,1.0,1.0,0.0,6.0,395000.0,0.0
90.0,3.0,2.0,1.0,1.0,0.0,12.0,155000.0,1.0
93.0,3.0,2.0,1.0,0.0,0.0,1.0,148000.0,2.0
50.0,2.0,2.0,1.0,0.0,0.0,0.0,180000.0,0.0
100.0,4.0,2.0,1.0,0.0,0.0,1.0,204000.0,0.0
132.0,3.0,2.0,1.0,1.0,7.0,10.0,228000.0,3.0
111.0,4.0,2.0,1.0,0.0,0.0,0.0,290000.0,0.0
140.0,2.0,2.0,1.0,1.0,6.0,9.0,1900000.0,0.0
132.0,5.0,2.0,1.0,0.0,7.0,6.0,425000.0,1.0
110.0,4.0,2.0,1.0,0.0,0.0,15.0,194000.0,1.0
225.0,6.0,3.0,1.0,1.0,6.0,9.0,750150.0,1.0
225.0,5.0,3.0,1.0,1.0,0.0,9.0,680000.0,2.0
85.0,4.0,2.0,1.0,0.0,0.0,9.0,385000.0,3.0
245.0,4.0,3.0,1.0,0.0,3.0,5.0,1050000.0,2.0
89.0,3.0,2.0,1.0,1.0,0.0,12.0,155000.0,1.0
145.0,5.0,2.0,1.0,1.0,1.0,9.0,450000.0,0.0
183.0,3.0,2.0,0.0,0.0,0.0,14.0,280000.0,2.0
90.0,2.0,2.0,1.0,0.0,0.0,1.0,184000.0,1.0
81.0,3.0,2.0,1.0,1.0,0.0,13.0,205000.0,0.0
235.0,7.0,2.0,1.0,0.0,0.0,9.0,850000.0,0.0
165.0,4.0,2.0,0.0,1.0,4.0,9.0,690000.0,1.0
250.0,6.0,2.0,1.0,1.0,3.0,14.0,320000.0,3.0
110.0,3.0,2.0,1.0,1.0,2.0,2.0,380000.0,1.0
142.0,5.0,2.0,1.0,1.0,6.0,11.0,375000.0,0.0
81.0,2.0,2.0,1.0,0.0,4.0,3.0,250000.0,2.0
110.0,3.0,2.0,1.0,1.0,2.0,2.0,380000.0,1.0
125.0,4.0,2.0,1.0,1.0,5.0,5.0,430000.0,1.0
135.0,4.0,2.0,1.0,1.0,0.0,0.0,350000.0,3.0
87.0,3.0,2.0,1.0,1.0,0.0,0.0,220000.0,1.0
110.0,3.0,2.0,0.0,0.0,0.0,8.0,147000.0,2.0
115.0,3.0,2.0,1.0,1.0,0.0,13.0,236000.0,0.0
120.0,3.0,2.0,0.0,1.0,0.0,5.0,530000.0,0.0
91.0,3.0,2.0,1.0,1.0,0.0,12.0,185000.0,2.0
100.0,2.0,2.0,1.0,1.0,3.0,4.0,280000.0,2.0
120.0,3.0,2.0,1.0,1.0,0.0,14.0,333000.0,0.0
260.0,6.0,4.0,1.0,1.0,0.0,9.0,690000.0,3.0
186.0,3.0,2.0,0.0,0.0,0.0,5.0,850000.0,0.0
161.0,4.0,2.0,1.0,1.0,6.0,5.0,595000.0,3.0
163.0,2.0,2.0,1.0,1.0,2.0,9.0,899000.0,1.0
270.0,5.0,3.0,1.0,1.0,4.0,1.0,450000.0,2.0
210.0,2.0,2.0,1.0,1.0,6.0,5.0,550000.0,2.0
113.0,3.0,2.0,1.0,1.0,0.0,3.0,370000.0,0.0
300.0,4.0,3.0,1.0,1.0,0.0,6.0,1300000.0,2.0
194.0,3.0,2.0,0.0,0.0,0.0,5.0,869000.0,0.0
66.0,3.0,2.0,1.0,0.0,4.0,4.0,200000.0,1.0
400.0,5.0,3.0,0.0,1.0,0.0,7.0,840000.0,0.0
98.0,3.0,2.0,1.0,0.0,0.0,13.0,251000.0,3.0
280.0,5.0,3.0,1.0,1.0,0.0,5.0,1500000.0,2.0
120.0,3.0,2.0,1.0,1.0,0.0,1.0,286000.0,0.0
100.0,4.0,2.0,0.0,0.0,4.0,10.0,230000.0,1.0
101.0,3.0,3.0,1.0,1.0,0.0,14.0,310000.0,1.0
94.0,4.0,2.0,1.0,0.0,3.0,15.0,186000.0,3.0
129.0,3.0,2.0,1.0,1.0,3.0,13.0,285000.0,1.0
224.0,3.0,3.0,1.0,1.0,0.0,5.0,850000.0,0.0
94.0,4.0,2.0,1.0,0.0,3.0,15.0,186000.0,3.0
100.0,2.0,2.0,1.0,0.0,1.0,5.0,299000.0,2.0
110.0,3.0,2.0,1.0,0.0,0.0,4.0,219000.0,1.0
66.0,3.0,2.0,1.0,0.0,7.0,3.0,170000.0,1.0
78.0,2.0,2.0,1.0,1.0,4.0,2.0,245000.0,2.0
90.0,3.0,2.0,1.0,0.0,0.0,14.0,208000.0,0.0
84.0,3.0,2.0,1.0,0.0,0.0,14.0,380000.0,1.0
138.0,4.0,2.0,1.0,1.0,1.0,2.0,330000.0,1.0
97.0,3.0,2.0,1.0,0.0,0.0,13.0,178000.0,0.0
76.0,3.0,2.0,1.0,0.0,7.0,11.0,140000.0,0.0
70.0,3.0,2.0,0.0,0.0,7.0,13.0,156000.0,1.0
76.0,3.0,2.0,1.0,0.0,7.0,7.0,260000.0,0.0
149.0,4.0,2.0,1.0,1.0,7.0,14.0,210000.0,3.0
91.0,3.0,2.0,1.0,1.0,3.0,9.0,400000.0,1.0
59.0,3.0,2.0,0.0,1.0,7.0,7.0,155000.0,0.0
145.0,4.0,2.0,1.0,1.0,7.0,4.0,285000.0,3.0
114.0,3.0,2.0,1.0,1.0,0.0,9.0,600000.0,1.0
130.0,4.0,2.0,0.0,1.0,0.0,14.0,249000.0,1.0
52.0,2.0,2.0,1.0,1.0,1.0,15.0,92000.0,2.0
77.0,2.0,2.0,1.0,0.0,7.0,3.0,160000.0,2.0
95.0,3.0,2.0,1.0,1.0,4.0,8.0,149000.0,1.0
64.0,2.0,2.0,1.0,1.0,0.0,13.0,180000.0,1.0
95.0,3.0,2.0,1.0,1.0,4.0,8.0,195000.0,2.0
85.0,3.0,2.0,1.0,0.0,3.0,13.0,215000.0,3.0
100.0,4.0,2.0,1.0,1.0,0.0,11.0,220000.0,0.0
68.0,3.0,2.0,1.0,0.0,0.0,5.0,300000.0,1.0
86.0,3.0,2.0,1.0,1.0,0.0,15.0,220000.0,1.0
90.0,2.0,2.0,1.0,0.0,0.0,3.0,159000.0,2.0
55.0,2.0,2.0,1.0,0.0,0.0,7.0,175000.0,1.0
119.0,4.0,2.0,1.0,1.0,0.0,11.0,320000.0,3.0
207.0,4.0,4.0,1.0,0.0,5.0,9.0,890000.0,0.0
140.0,4.0,2.0,0.0,0.0,0.0,10.0,288000.0,2.0
98.0,2.0,2.0,1.0,1.0,6.0,14.0,335000.0,3.0
99.0,2.0,2.0,1.0,0.0,0.0,12.0,182000.0,1.0
90.0,3.0,2.0,1.0,1.0,6.0,0.0,220000.0,1.0
90.0,2.0,2.0,1.0,1.0,0.0,0.0,240000.0,2.0
206.0,4.0,3.0,1.0,0.0,0.0,14.0,785000.0,3.0
87.0,3.0,2.0,0.0,0.0,0.0,5.0,185000.0,0.0
77.0,3.0,2.0,1.0,1.0,7.0,14.0,160000.0,0.0
181.0,4.0,2.0,1.0,1.0,2.0,10.0,675000.0,1.0
120.0,2.0,2.0,1.0,1.0,4.0,5.0,320000.0,0.0
110.0,3.0,2.0,1.0,1.0,4.0,6.0,249000.0,3.0
79.0,4.0,2.0,0.0,0.0,1.0,1.0,175000.0,3.0
110.0,4.0,2.0,1.0,1.0,0.0,8.0,149900.0,2.0
117.0,4.0,2.0,1.0,1.0,0.0,0.0,340000.0,2.0
185.0,7.0,2.0,1.0,1.0,6.0,7.0,465000.0,0.0
85.0,4.0,2.0,1.0,0.0,0.0,11.0,220000.0,3.0
120.0,3.0,2.0,1.0,1.0,0.0,0.0,330000.0,0.0
117.0,4.0,2.0,1.0,1.0,0.0,0.0,340000.0,2.0
75.0,3.0,2.0,0.0,0.0,0.0,11.0,120000.0,1.0
65.0,2.0,2.0,1.0,0.0,0.0,8.0,115000.0,1.0
68.0,3.0,2.0,1.0,0.0,0.0,13.0,160000.0,1.0
70.0,3.0,2.0,0.0,0.0,0.0,0.0,110000.0,0.0
92.0,2.0,2.0,1.0,1.0,0.0,1.0,260000.0,0.0
165.0,3.0,2.0,0.0,0.0,0.0,14.0,400000.0,0.0
75.0,2.0,2.0,1.0,0.0,1.0,15.0,140000.0,0.0
101.0,3.0,2.0,1.0,1.0,0.0,8.0,100000.0,1.0
75.0,3.0,2.0,0.0,0.0,0.0,11.0,140000.0,1.0
236.0,5.0,3.0,1.0,0.0,0.0,14.0,500000.0,3.0
130.0,4.0,4.0,1.0,1.0,4.0,8.0,375000.0,0.0
105.0,3.0,2.0,1.0,0.0,0.0,11.0,285000.0,1.0
144.0,4.0,2.0,0.0,1.0,6.0,14.0,390000.0,3.0
139.0,3.0,2.0,1.0,0.0,7.0,5.0,430000.0,1.0
160.0,3.0,2.0,1.0,1.0,7.0,4.0,410000.0,3.0
306.0,4.0,4.0,1.0,1.0,6.0,5.0,1350000.0,3.0
247.0,4.0,4.0,1.0,1.0,6.0,9.0,1645000.0,3.0
356.0,6.0,3.0,1.0,1.0,3.0,5.0,1660000.0,3.0
117.0,4.0,2.0,1.0,1.0,3.0,9.0,340000.0,1.0
286.0,4.0,2.0,1.0,1.0,5.0,5.0,800000.0,1.0
198.0,3.0,2.0,1.0,1.0,6.0,9.0,850000.0,3.0
175.0,4.0,2.0,1.0,1.0,3.0,5.0,624900.0,1.0
87.0,3.0,2.0,1.0,1.0,1.0,13.0,320000.0,0.0
240.0,3.0,3.0,1.0,1.0,6.0,3.0,1250000.0,3.0
167.0,4.0,3.0,1.0,1.0,7.0,5.0,550000.0,1.0
240.0,5.0,2.0,1.0,0.0,3.0,5.0,850000.0,3.0
109.0,4.0,2.0,1.0,1.0,0.0,2.0,245900.0,1.0
200.0,6.0,3.0,1.0,1.0,3.0,5.0,595000.0,3.0
208.0,5.0,2.0,1.0,0.0,3.0,5.0,760000.0,3.0
223.0,5.0,3.0,1.0,1.0,3.0,9.0,750000.0,3.0
202.0,5.0,3.0,1.0,1.0,3.0,9.0,550000.0,3.0
212.0,3.0,3.0,1.0,1.0,6.0,5.0,990000.0,3.0
125.0,2.0,2.0,1.0,1.0,2.0,3.0,680000.0,3.0
150.0,3.0,2.0,1.0,1.0,6.0,9.0,875000.0,3.0
200.0,3.0,2.0,1.0,1.0,2.0,9.0,1250000.0,3.0
239.0,3.0,4.0,1.0,1.0,7.0,11.0,880000.0,2.0
150.0,3.0,3.0,1.0,0.0,7.0,7.0,670000.0,2.0
229.0,3.0,4.0,1.0,1.0,7.0,7.0,690000.0,2.0
123.0,4.0,2.0,1.0,1.0,3.0,8.0,294999.0,1.0
101.0,4.0,2.0,1.0,1.0,6.0,6.0,245000.0,2.0
175.0,4.0,3.0,1.0,1.0,2.0,3.0,1200000.0,2.0
141.0,3.0,2.0,1.0,1.0,7.0,7.0,342000.0,3.0
149.0,4.0,2.0,0.0,1.0,6.0,7.0,325000.0,0.0
111.0,3.0,2.0,1.0,1.0,4.0,9.0,320000.0,1.0
204.0,5.0,3.0,1.0,1.0,6.0,4.0,790000.0,3.0
200.0,3.0,3.0,1.0,1.0,6.0,9.0,1000000.0,1.0
198.0,4.0,3.0,1.0,1.0,5.0,5.0,650000.0,1.0
98.0,2.0,2.0,1.0,1.0,4.0,1.0,450000.0,1.0
133.0,4.0,2.0,1.0,0.0,7.0,14.0,225000.0,1.0
225.0,5.0,3.0,0.0,1.0,6.0,5.0,890000.0,2.0
152.0,4.0,3.0,0.0,0.0,0.0,0.0,593000.0,2.0
140.0,3.0,2.0,1.0,1.0,0.0,13.0,470000.0,1.0
152.0,5.0,2.0,1.0,0.0,6.0,9.0,530000.0,0.0
200.0,4.0,2.0,1.0,1.0,6.0,6.0,690000.0,0.0
267.0,6.0,3.0,1.0,1.0,3.0,9.0,850000.0,1.0
186.0,4.0,2.0,1.0,1.0,2.0,5.0,600000.0,3.0
70.0,2.0,2.0,1.0,1.0,4.0,5.0,257000.0,2.0
80.0,2.0,2.0,1.0,1.0,4.0,13.0,228000.0,1.0
181.0,5.0,2.0,1.0,1.0,2.0,4.0,550000.0,1.0
234.0,4.0,3.0,0.0,1.0,6.0,9.0,1250000.0,2.0
118.0,3.0,2.0,1.0,1.0,6.0,12.0,275000.0,1.0
274.0,4.0,4.0,1.0,1.0,0.0,15.0,995000.0,0.0
125.0,4.0,2.0,0.0,0.0,7.0,7.0,350000.0,0.0
118.0,4.0,2.0,1.0,0.0,7.0,8.0,284999.0,3.0
160.0,5.0,2.0,1.0,1.0,4.0,5.0,425000.0,1.0
224.0,6.0,2.0,0.0,1.0,3.0,9.0,890000.0,0.0
210.0,4.0,3.0,1.0,1.0,0.0,9.0,990000.0,0.0
165.0,4.0,2.0,1.0,1.0,5.0,11.0,400000.0,3.0
113.0,3.0,2.0,1.0,0.0,7.0,1.0,288000.0,2.0
75.0,2.0,2.0,1.0,0.0,0.0,7.0,185000.0,0.0
222.0,5.0,2.0,1.0,1.0,7.0,5.0,650000.0,3.0
82.0,3.0,2.0,1.0,0.0,0.0,15.0,149000.0,1.0
210.0,4.0,2.0,1.0,1.0,0.0,4.0,500000.0,2.0
310.0,7.0,3.0,1.0,1.0,3.0,7.0,599000.0,2.0
310.0,5.0,4.0,1.0,0.0,7.0,5.0,1500000.0,0.0
111.0,3.0,2.0,1.0,1.0,7.0,14.0,220000.0,1.0
128.0,2.0,2.0,1.0,1.0,7.0,8.0,249000.0,0.0
72.0,2.0,2.0,1.0,1.0,7.0,7.0,390000.0,3.0
88.0,3.0,2.0,1.0,1.0,7.0,13.0,199000.0,1.0
381.0,8.0,3.0,0.0,0.0,7.0,5.0,1300000.0,2.0
192.0,5.0,3.0,0.0,0.0,7.0,5.0,590000.0,2.0
391.0,3.0,4.0,1.0,0.0,3.0,9.0,1800000.0,0.0
86.0,2.0,2.0,1.0,1.0,7.0,8.0,270000.0,2.0
99.0,2.0,2.0,1.0,0.0,7.0,7.0,280000.0,0.0
140.0,3.0,3.0,1.0,0.0,5.0,13.0,415000.0,3.0
139.0,4.0,2.0,1.0,0.0,4.0,7.0,449000.0,2.0
75.0,3.0,2.0,1.0,1.0,7.0,13.0,179000.0,0.0
97.0,2.0,2.0,1.0,1.0,3.0,12.0,182000.0,1.0
70.0,2.0,2.0,1.0,0.0,7.0,13.0,204000.0,1.0
187.0,3.0,3.0,1.0,1.0,6.0,14.0,990000.0,2.0
107.0,4.0,2.0,1.0,1.0,7.0,10.0,230000.0,1.0
90.0,3.0,2.0,1.0,0.0,0.0,13.0,230000.0,0.0
110.0,2.0,2.0,1.0,1.0,4.0,5.0,320000.0,0.0
101.0,3.0,2.0,1.0,1.0,0.0,8.0,247000.0,0.0
61.0,3.0,2.0,1.0,1.0,7.0,13.0,209999.0,1.0
200.0,4.0,3.0,1.0,1.0,6.0,4.0,795000.0,1.0
61.0,3.0,2.0,1.0,1.0,7.0,13.0,209999.0,1.0
75.0,2.0,2.0,1.0,1.0,3.0,8.0,375000.0,2.0
70.0,2.0,2.0,0.0,1.0,0.0,5.0,275000.0,1.0
242.0,5.0,4.0,1.0,1.0,7.0,3.0,650000.0,3.0
90.0,4.0,2.0,1.0,1.0,3.0,13.0,250000.0,3.0
200.0,4.0,2.0,1.0,0.0,7.0,5.0,610000.0,1.0
196.0,3.0,3.0,1.0,1.0,7.0,9.0,820000.0,0.0
281.0,5.0,3.0,1.0,1.0,6.0,3.0,749000.0,2.0
283.0,4.0,3.0,1.0,1.0,6.0,9.0,895000.0,1.0
131.0,2.0,2.0,1.0,0.0,3.0,1.0,248000.0,2.0
266.0,5.0,3.0,1.0,1.0,6.0,9.0,695000.0,1.0
327.0,8.0,2.0,1.0,0.0,7.0,9.0,1250000.0,1.0
383.0,4.0,2.0,0.0,0.0,7.0,4.0,649000.0,3.0
182.0,5.0,2.0,1.0,0.0,7.0,7.0,399000.0,3.0
144.0,3.0,2.0,1.0,1.0,6.0,3.0,590000.0,0.0
160.0,3.0,2.0,1.0,1.0,7.0,9.0,745000.0,1.0
96.0,3.0,2.0,1.0,1.0,6.0,1.0,280000.0,0.0
150.0,5.0,2.0,0.0,0.0,7.0,13.0,475000.0,1.0
60.0,2.0,2.0,1.0,0.0,7.0,0.0,160000.0,0.0
209.0,5.0,2.0,0.0,0.0,7.0,7.0,690000.0,3.0
70.0,3.0,2.0,1.0,0.0,4.0,11.0,175000.0,0.0
125.0,2.0,2.0,1.0,1.0,3.0,4.0,345000.0,2.0
100.0,4.0,2.0,1.0,0.0,7.0,10.0,200000.0,1.0
120.0,3.0,2.0,1.0,1.0,3.0,8.0,450000.0,2.0
90.0,3.0,2.0,1.0,1.0,7.0,11.0,300000.0,3.0
73.0,2.0,2.0,1.0,0.0,4.0,9.0,360000.0,1.0
162.0,3.0,2.0,1.0,1.0,7.0,5.0,795000.0,1.0
100.0,3.0,2.0,1.0,1.0,0.0,8.0,177500.0,2.0
128.0,4.0,2.0,0.0,0.0,7.0,5.0,385000.0,1.0
